method,backbone_name,lambda,alpha,beta,normalization,NDCG@10,MRR,HR@1,HR@3,NDCG@3,NDCG@5,HR@10,positive_rank_mean,positive_rank_median,candidate_pool_size_mean,candidate_pool_size_min,candidate_pool_size_max,hr10_trivial_flag,rank_change_rate,top10_order_change_rate,mean_kendall_tau,base_risk_spearman,relative_NDCG_vs_backbone,relative_MRR_vs_backbone
A_Backbone_only,bm25,0.0,1.0,0.0,none,0.6465146446941085,0.5319166666666666,0.2965,0.695,0.5263875623357211,0.6148122050414946,1.0,2.761,2.0,6.0,6.0,6.0,True,0.0,0.0,1.0,-0.057630213214796285,0.0,0.0
B_Backbone_plus_calibrated_relevance,bm25,0.0,0.5,0.5,minmax,0.6872065693051718,0.585375,0.371,0.7425,0.5850962916482206,0.6629844805818261,1.0,2.52,2.0,6.0,6.0,6.0,True,0.5805,0.8645,0.5619333333333333,0.18027885823474055,0.06294045300445786,0.10050133166222791
B_Backbone_plus_calibrated_relevance,bm25,0.0,0.75,0.25,minmax,0.6766599846038873,0.5713833333333334,0.3485,0.73,0.5694947730750067,0.6506568599450017,1.0,2.572,2.0,6.0,6.0,6.0,True,0.4533333333333333,0.7765,0.6953999999999999,0.18027885823474055,0.04662746645753369,0.07419708600971349
B_Backbone_plus_calibrated_relevance,bm25,0.0,0.9,0.09999999999999998,minmax,0.6711537545942731,0.5641583333333333,0.3385,0.723,0.5613220974589354,0.6439039047805095,1.0,2.6055,2.0,6.0,6.0,6.0,True,0.39875,0.7065,0.7351333333333333,0.18027885823474055,0.03811067560862807,0.06061413128622916
C_Backbone_plus_evidence_risk,bm25,0.0,1.0,0.0,minmax,0.6465146446941085,0.5319166666666666,0.2965,0.695,0.5263875623357211,0.6148122050414946,1.0,2.761,2.0,6.0,6.0,6.0,True,0.0,0.0,0.9999999999999999,0.18027885823474055,0.0,0.0
C_Backbone_plus_evidence_risk,bm25,0.05,1.0,0.0,minmax,0.6597969974403136,0.5493833333333333,0.3205,0.7035,0.542441167705364,0.6295193865361316,1.0,2.6845,2.0,6.0,6.0,6.0,True,0.393,0.6975,0.7494666666666665,0.18027885823474055,0.02054455046797827,0.03283722387592056
C_Backbone_plus_evidence_risk,bm25,0.1,1.0,0.0,minmax,0.6596877088126889,0.54925,0.3205,0.7035,0.5423757028285782,0.6294100979085071,1.0,2.686,2.0,6.0,6.0,6.0,True,0.40525,0.723,0.7429333333333333,0.18027885823474055,0.020375507696060204,0.03258655804480669
C_Backbone_plus_evidence_risk,bm25,0.2,1.0,0.0,minmax,0.6592083660095893,0.5487000000000001,0.321,0.699,0.5401138433214353,0.6283964443247455,1.0,2.6955,2.0,6.0,6.0,6.0,True,0.42425,0.758,0.7319333333333332,0.18027885823474055,0.019634081640156432,0.03155256149146198
C_Backbone_plus_evidence_risk,bm25,0.5,1.0,0.0,minmax,0.6562796637267456,0.5451416666666666,0.322,0.684,0.5311498970178634,0.6233304989192536,1.0,2.735,2.0,6.0,6.0,6.0,True,0.4721666666666666,0.8165,0.6926666666666665,0.18027885823474055,0.015104095650079778,0.02486291712360967
D_Backbone_plus_calibrated_relevance_plus_evidence_risk,bm25,0.0,0.5,0.5,minmax,0.6872065693051718,0.585375,0.371,0.7425,0.5850962916482206,0.6629844805818261,1.0,2.52,2.0,6.0,6.0,6.0,True,0.5805,0.8645,0.5619333333333333,0.18027885823474055,0.06294045300445786,0.10050133166222791
D_Backbone_plus_calibrated_relevance_plus_evidence_risk,bm25,0.05,0.5,0.5,minmax,0.6890744671647554,0.5878583333333333,0.375,0.7415,0.5863998970178634,0.6653866892220719,1.0,2.511,2.0,6.0,6.0,6.0,True,0.6083333333333334,0.909,0.5302666666666667,0.18027885823474055,0.06582963405381739,0.10516998276672412
D_Backbone_plus_calibrated_relevance_plus_evidence_risk,bm25,0.1,0.5,0.5,minmax,0.6865630799271312,0.584625,0.3715,0.735,0.5813344321410777,0.6618066804231236,1.0,2.5315,2.0,6.0,6.0,6.0,True,0.593,0.8975,0.5456666666666665,0.18027885823474055,0.061945132351907045,0.09909133636221218
D_Backbone_plus_calibrated_relevance_plus_evidence_risk,bm25,0.2,0.5,0.5,minmax,0.677953596941066,0.5732916666666668,0.354,0.7245,0.5688401243071494,0.6491008147853163,1.0,2.5835,2.0,6.0,6.0,6.0,True,0.5839166666666666,0.8915,0.5646666666666667,0.18027885823474055,0.04862836828983602,0.07778474071753126
D_Backbone_plus_calibrated_relevance_plus_evidence_risk,bm25,0.5,0.5,0.5,minmax,0.6501621231799776,0.536875,0.308,0.6845,0.5249236160321493,0.6197064086822416,1.0,2.749,2.0,6.0,6.0,6.0,True,0.5728333333333333,0.871,0.5819999999999999,0.18027885823474055,0.005641756943641811,0.009321635594548142
D_Backbone_plus_calibrated_relevance_plus_evidence_risk,bm25,0.0,0.75,0.25,minmax,0.6766599846038873,0.5713833333333334,0.3485,0.73,0.5694947730750067,0.6506568599450017,1.0,2.572,2.0,6.0,6.0,6.0,True,0.4533333333333333,0.7765,0.6953999999999999,0.18027885823474055,0.04662746645753369,0.07419708600971349
D_Backbone_plus_calibrated_relevance_plus_evidence_risk,bm25,0.05,0.75,0.25,minmax,0.6802807752969892,0.5762916666666666,0.3585,0.7305,0.5733045457857207,0.6535652362638875,1.0,2.5625,2.0,6.0,6.0,6.0,True,0.4904166666666666,0.829,0.6590666666666666,0.18027885823474055,0.0522279439143359,0.08342472191759372
D_Backbone_plus_calibrated_relevance_plus_evidence_risk,bm25,0.1,0.75,0.25,minmax,0.6755524513380103,0.5700166666666666,0.3475,0.7255,0.5667447730750067,0.6468777727758146,1.0,2.5875,2.0,6.0,6.0,6.0,True,0.48158333333333325,0.813,0.6693333333333332,0.18027885823474055,0.044914383428453976,0.07162776124079592
D_Backbone_plus_calibrated_relevance_plus_evidence_risk,bm25,0.2,0.75,0.25,minmax,0.6721046245327382,0.5655083333333334,0.3415,0.72,0.5611911677053639,0.6434299459705424,1.0,2.6095,2.0,6.0,6.0,6.0,True,0.479,0.8185,0.6754666666666665,0.18027885823474055,0.039581438794379344,0.0631521228262575
D_Backbone_plus_calibrated_relevance_plus_evidence_risk,bm25,0.5,0.75,0.25,minmax,0.6628923611190851,0.55385,0.335,0.6925,0.5410488536196489,0.6322585430277952,1.0,2.6965,2.0,6.0,6.0,6.0,True,0.4984166666666666,0.8445,0.673,0.18027885823474055,0.02533232086757384,0.041234529218236
D_Backbone_plus_calibrated_relevance_plus_evidence_risk,bm25,0.0,0.9,0.09999999999999998,minmax,0.6711537545942731,0.5641583333333333,0.3385,0.723,0.5613220974589354,0.6439039047805095,1.0,2.6055,2.0,6.0,6.0,6.0,True,0.39875,0.7065,0.7351333333333333,0.18027885823474055,0.03811067560862807,0.06061413128622916
D_Backbone_plus_calibrated_relevance_plus_evidence_risk,bm25,0.05,0.9,0.09999999999999998,minmax,0.6683292936763175,0.5604916666666667,0.3335,0.719,0.5571494218428641,0.6387640971463517,1.0,2.6275,2.0,6.0,6.0,6.0,True,0.43966666666666665,0.7625,0.7004666666666666,0.18027885823474055,0.033741925509715956,0.053720820930597143
D_Backbone_plus_calibrated_relevance_plus_evidence_risk,bm25,0.1,0.9,0.09999999999999998,minmax,0.6655855665875967,0.5568916666666667,0.329,0.712,0.5513339569660783,0.6356641628705229,1.0,2.643,2.0,6.0,6.0,6.0,True,0.43424999999999997,0.767,0.7095333333333332,0.18027885823474055,0.02949805089490502,0.04695284349052185
D_Backbone_plus_calibrated_relevance_plus_evidence_risk,bm25,0.2,0.9,0.09999999999999998,minmax,0.6629885365142356,0.5537083333333334,0.3285,0.701,0.5446019838142924,0.6321766148293918,1.0,2.677,2.0,6.0,6.0,6.0,True,0.44183333333333324,0.778,0.7178666666666665,0.18027885823474055,0.025481080676713206,0.040968196772677615
D_Backbone_plus_calibrated_relevance_plus_evidence_risk,bm25,0.5,0.9,0.09999999999999998,minmax,0.65940067679491,0.5492750000000001,0.3285,0.6855,0.534757107757149,0.628054444329404,1.0,2.7185,2.0,6.0,6.0,6.0,True,0.4794166666666666,0.8245,0.6848666666666665,0.18027885823474055,0.019931539380516918,0.032633557888140645
B_Backbone_plus_calibrated_relevance,bm25,0.0,0.5,0.5,zscore,0.6864244475257799,0.5843166666666666,0.369,0.743,0.5845426862785777,0.6625585659895423,1.0,2.522,2.0,6.0,6.0,6.0,True,0.581,0.8635,0.5620666666666666,0.18027885823474055,0.06173070194033168,0.09851167162776125
B_Backbone_plus_calibrated_relevance,bm25,0.0,0.75,0.25,zscore,0.6768793389837607,0.5716833333333334,0.349,0.73,0.5697447730750067,0.6505200071377671,1.0,2.572,2.0,6.0,6.0,6.0,True,0.4470833333333333,0.7705,0.7015333333333332,0.18027885823474055,0.04696675402305698,0.0747610841297199
B_Backbone_plus_calibrated_relevance,bm25,0.0,0.9,0.09999999999999998,zscore,0.6711345732190689,0.5641416666666667,0.3385,0.722,0.5608875623357211,0.6437066198117514,1.0,2.6065,2.0,6.0,6.0,6.0,True,0.39675,0.7045,0.7365333333333333,0.18027885823474055,0.038081006713481455,0.06058279805733993
C_Backbone_plus_evidence_risk,bm25,0.0,1.0,0.0,zscore,0.6465146446941085,0.5319166666666666,0.2965,0.695,0.5263875623357211,0.6148122050414946,1.0,2.761,2.0,6.0,6.0,6.0,True,0.0,0.0,0.9999999999999999,0.18027885823474055,0.0,0.0
C_Backbone_plus_evidence_risk,bm25,0.05,1.0,0.0,zscore,0.6594687827179839,0.54895,0.32,0.703,0.5418757028285781,0.6291911718138019,1.0,2.686,2.0,6.0,6.0,6.0,True,0.39408333333333334,0.6985,0.7491333333333332,0.18027885823474055,0.020036882582922116,0.032022559924800485
C_Backbone_plus_evidence_risk,bm25,0.1,1.0,0.0,zscore,0.659424958967145,0.5488999999999999,0.32,0.703,0.5418757028285781,0.6291473480629631,1.0,2.687,2.0,6.0,6.0,6.0,True,0.40591666666666665,0.723,0.7425999999999999,0.18027885823474055,0.01996909796087442,0.03192856023813258
C_Backbone_plus_evidence_risk,bm25,0.2,1.0,0.0,zscore,0.6603249765052752,0.5501833333333332,0.3235,0.7,0.5416019838142925,0.6296911584139854,1.0,2.69,2.0,6.0,6.0,6.0,True,0.4268333333333334,0.7595,0.7315999999999999,0.18027885823474055,0.021361204923209382,0.03434121886260377
C_Backbone_plus_evidence_risk,bm25,0.5,1.0,0.0,zscore,0.6565906043642664,0.5455083333333334,0.322,0.687,0.5326498970178634,0.6238195431503284,1.0,2.7295,2.0,6.0,6.0,6.0,True,0.47258333333333324,0.816,0.6941333333333334,0.18027885823474055,0.015585044751654908,0.025552248159173018
D_Backbone_plus_calibrated_relevance_plus_evidence_risk,bm25,0.0,0.5,0.5,zscore,0.6864244475257799,0.5843166666666666,0.369,0.743,0.5845426862785777,0.6625585659895423,1.0,2.522,2.0,6.0,6.0,6.0,True,0.581,0.8635,0.5620666666666666,0.18027885823474055,0.06173070194033168,0.09851167162776125
D_Backbone_plus_calibrated_relevance_plus_evidence_risk,bm25,0.05,0.5,0.5,zscore,0.6874191214631025,0.585625,0.372,0.7435,0.5854416428803634,0.6646218614881891,1.0,2.514,2.0,6.0,6.0,6.0,True,0.6068333333333332,0.908,0.5344666666666665,0.18027885823474055,0.06326921919664716,0.10097133009556641
D_Backbone_plus_calibrated_relevance_plus_evidence_risk,bm25,0.1,0.5,0.5,zscore,0.6843977839008571,0.5816833333333333,0.3655,0.737,0.5800545457857206,0.6591070736161876,1.0,2.537,2.0,6.0,6.0,6.0,True,0.5948333333333332,0.9,0.5494,0.18027885823474055,0.058595949090484545,0.09356102146326194
D_Backbone_plus_calibrated_relevance_plus_evidence_risk,bm25,0.2,0.5,0.5,zscore,0.6762632385781485,0.5710583333333333,0.3515,0.724,0.5668818701696493,0.6477666636095069,1.0,2.591,2.0,6.0,6.0,6.0,True,0.5734166666666666,0.887,0.5757333333333333,0.18027885823474055,0.0460137974107536,0.07358608804637333
D_Backbone_plus_calibrated_relevance_plus_evidence_risk,bm25,0.5,0.5,0.5,zscore,0.6369582539489235,0.5195666666666666,0.287,0.6655,0.5038107131267919,0.6056120214834175,1.0,2.8255,3.0,6.0,6.0,6.0,True,0.5945,0.8885,0.5444,0.18027885823474055,-0.014781398725633662,-0.023217922606924596
D_Backbone_plus_calibrated_relevance_plus_evidence_risk,bm25,0.0,0.75,0.25,zscore,0.6768793389837607,0.5716833333333334,0.349,0.73,0.5697447730750067,0.6505200071377671,1.0,2.572,2.0,6.0,6.0,6.0,True,0.4470833333333333,0.7705,0.7015333333333332,0.18027885823474055,0.04696675402305698,0.0747610841297199
D_Backbone_plus_calibrated_relevance_plus_evidence_risk,bm25,0.05,0.75,0.25,zscore,0.6790613341654035,0.5746166666666666,0.354,0.729,0.5714829135678637,0.6523457951323018,1.0,2.565,2.0,6.0,6.0,6.0,True,0.48625,0.8225,0.6641999999999999,0.18027885823474055,0.05034176679276019,0.08027573241422523
D_Backbone_plus_calibrated_relevance_plus_evidence_risk,bm25,0.1,0.75,0.25,zscore,0.6745237260705269,0.5686083333333334,0.3445,0.726,0.5658875623357211,0.645849047508331,1.0,2.589,2.0,6.0,6.0,6.0,True,0.4761666666666666,0.8095,0.674,0.18027885823474055,0.04332319709427563,0.06898010339965557
D_Backbone_plus_calibrated_relevance_plus_evidence_risk,bm25,0.2,0.75,0.25,zscore,0.6715490988104523,0.5648,0.341,0.7195,0.5604947730750067,0.6425182130611484,1.0,2.6145,2.0,6.0,6.0,6.0,True,0.47541666666666665,0.8155,0.6798,0.18027885823474055,0.03872217639894089,0.06182046059846476
D_Backbone_plus_calibrated_relevance_plus_evidence_risk,bm25,0.5,0.75,0.25,zscore,0.6595305009526485,0.5494583333333333,0.3295,0.6845,0.5343643184964346,0.6292528900484666,1.0,2.7175,2.0,6.0,6.0,6.0,True,0.507,0.8495,0.6631333333333332,0.18027885823474055,0.020132345593963125,0.032978223405922005
D_Backbone_plus_calibrated_relevance_plus_evidence_risk,bm25,0.0,0.9,0.09999999999999998,zscore,0.6711345732190689,0.5641416666666667,0.3385,0.722,0.5608875623357211,0.6437066198117514,1.0,2.6065,2.0,6.0,6.0,6.0,True,0.39675,0.7045,0.7365333333333333,0.18027885823474055,0.038081006713481455,0.06058279805733993
D_Backbone_plus_calibrated_relevance_plus_evidence_risk,bm25,0.05,0.9,0.09999999999999998,zscore,0.6681385647499677,0.5602166666666667,0.3325,0.72,0.557411281350007,0.6385733682200019,1.0,2.627,2.0,6.0,6.0,6.0,True,0.43799999999999994,0.763,0.7001999999999999,0.18027885823474055,0.033446914518216915,0.05320382265392469
D_Backbone_plus_calibrated_relevance_plus_evidence_risk,bm25,0.1,0.9,0.09999999999999998,zscore,0.6655055560253721,0.556825,0.3295,0.712,0.5513875623357211,0.6350498415276362,1.0,2.647,2.0,6.0,6.0,6.0,True,0.4318333333333333,0.763,0.7128666666666665,0.18027885823474055,0.02937429412793731,0.04682751057496492
D_Backbone_plus_calibrated_relevance_plus_evidence_risk,bm25,0.2,0.9,0.09999999999999998,zscore,0.663146240260545,0.5539,0.329,0.703,0.5455246594303638,0.6326905257628092,1.0,2.674,2.0,6.0,6.0,6.0,True,0.44075,0.7785,0.7183999999999998,0.18027885823474055,0.02572500979356102,0.0413285289049037
D_Backbone_plus_calibrated_relevance_plus_evidence_risk,bm25,0.5,0.9,0.09999999999999998,zscore,0.659371825251402,0.5492083333333333,0.328,0.6885,0.536007107757149,0.627669385598788,1.0,2.7165,2.0,6.0,6.0,6.0,True,0.48191666666666666,0.8285,0.6859333333333333,0.18027885823474055,0.01988691310059466,0.0325082249725835
A_Backbone_only,tfidf_cosine,0.0,1.0,0.0,none,0.7074684893399596,0.6130083333333333,0.423,0.737,0.6046147936714341,0.6768346712486698,1.0,2.4925,2.0,6.0,6.0,6.0,True,0.0,0.0,1.0,0.03419916291742577,0.0,0.0
B_Backbone_plus_calibrated_relevance,tfidf_cosine,0.0,0.5,0.5,minmax,0.7358890776856347,0.6502583333333332,0.4755,0.7695,0.6446271283535764,0.7130918177107212,1.0,2.3125,2.0,6.0,6.0,6.0,True,0.5688333333333333,0.8565,0.5652666666666666,0.1935588335252477,0.040172232083707876,0.06076589497152007
B_Backbone_plus_calibrated_relevance,tfidf_cosine,0.0,0.75,0.25,minmax,0.7295550237558734,0.6417666666666666,0.46,0.765,0.6364601449035767,0.706045349406744,1.0,2.337,2.0,6.0,6.0,6.0,True,0.4576666666666666,0.784,0.6791999999999998,0.1935588335252477,0.031219106926613317,0.046913445983605445
B_Backbone_plus_calibrated_relevance,tfidf_cosine,0.0,0.9,0.09999999999999998,minmax,0.7261488855577841,0.6373166666666666,0.4535,0.7635,0.6329183990410769,0.7010362788666684,1.0,2.361,2.0,6.0,6.0,6.0,True,0.38641666666666663,0.699,0.7395333333333333,0.1935588335252477,0.02640456288767369,0.039654164570900416
C_Backbone_plus_evidence_risk,tfidf_cosine,0.0,1.0,0.0,minmax,0.7074684893399596,0.6130083333333333,0.423,0.737,0.6046147936714341,0.6768346712486698,1.0,2.4925,2.0,6.0,6.0,6.0,True,0.0,0.0,0.9999999999999999,0.1935588335252477,0.0,0.0
C_Backbone_plus_evidence_risk,tfidf_cosine,0.05,1.0,0.0,minmax,0.7157899169334615,0.6238416666666667,0.4365,0.744,0.6149957234250055,0.6865809275906037,1.0,2.4345,2.0,6.0,6.0,6.0,True,0.36425,0.677,0.7686,0.1935588335252477,0.011762258982397106,0.017672407933551976
C_Backbone_plus_evidence_risk,tfidf_cosine,0.1,1.0,0.0,minmax,0.7142645283553052,0.6218666666666667,0.4345,0.742,0.6127338639178627,0.6848774354188932,1.0,2.4455,2.0,6.0,6.0,6.0,True,0.378,0.6995,0.7607333333333334,0.1935588335252477,0.00960613669406813,0.014450592025665905
C_Backbone_plus_evidence_risk,tfidf_cosine,0.2,1.0,0.0,minmax,0.7122122859311509,0.6191583333333333,0.4305,0.741,0.6103647936714339,0.6817565714334151,1.0,2.457,2.0,6.0,6.0,6.0,True,0.40308333333333324,0.743,0.7444666666666666,0.1935588335252477,0.0067053114911408435,0.01003249004227782
C_Backbone_plus_evidence_risk,tfidf_cosine,0.5,1.0,0.0,minmax,0.7020591880406425,0.6057250000000001,0.411,0.7295,0.5954539775625055,0.6721377843235687,1.0,2.507,2.0,6.0,6.0,6.0,True,0.457,0.8145,0.7076666666666666,0.1935588335252477,-0.007645996084382253,-0.011881295795326107
D_Backbone_plus_calibrated_relevance_plus_evidence_risk,tfidf_cosine,0.0,0.5,0.5,minmax,0.7358890776856347,0.6502583333333332,0.4755,0.7695,0.6446271283535764,0.7130918177107212,1.0,2.3125,2.0,6.0,6.0,6.0,True,0.5688333333333333,0.8565,0.5652666666666666,0.1935588335252477,0.040172232083707876,0.06076589497152007
D_Backbone_plus_calibrated_relevance_plus_evidence_risk,tfidf_cosine,0.05,0.5,0.5,minmax,0.7377605785239799,0.6526833333333334,0.478,0.768,0.6455853824910764,0.7160319401103904,1.0,2.2985,2.0,6.0,6.0,6.0,True,0.5935,0.901,0.5336,0.1935588335252477,0.04281758076926026,0.06472179551664627
D_Backbone_plus_calibrated_relevance_plus_evidence_risk,tfidf_cosine,0.1,0.5,0.5,minmax,0.7351081761415599,0.6492416666666666,0.4735,0.763,0.6410972419982195,0.7124890197602003,1.0,2.3185,2.0,6.0,6.0,6.0,True,0.58275,0.8945,0.5456666666666666,0.1935588335252477,0.03906843515728449,0.05910740745775617
D_Backbone_plus_calibrated_relevance_plus_evidence_risk,tfidf_cosine,0.2,0.5,0.5,minmax,0.7287521437337364,0.6408416666666665,0.4605,0.7605,0.6340673556428623,0.7022147082941886,1.0,2.354,2.0,6.0,6.0,6.0,True,0.5758333333333333,0.887,0.5653333333333332,0.1935588335252477,0.03008424362989451,0.045404494229278995
D_Backbone_plus_calibrated_relevance_plus_evidence_risk,tfidf_cosine,0.5,0.5,0.5,minmax,0.6862795208068394,0.5845333333333333,0.3755,0.728,0.5787215292357204,0.6563581170897655,1.0,2.559,2.0,6.0,6.0,6.0,True,0.5849166666666666,0.8835,0.5674666666666666,0.1935588335252477,-0.02995040606386402,-0.04645124454534319
D_Backbone_plus_calibrated_relevance_plus_evidence_risk,tfidf_cosine,0.0,0.75,0.25,minmax,0.7295550237558734,0.6417666666666666,0.46,0.765,0.6364601449035767,0.706045349406744,1.0,2.337,2.0,6.0,6.0,6.0,True,0.4576666666666666,0.784,0.6791999999999998,0.1935588335252477,0.031219106926613317,0.046913445983605445
D_Backbone_plus_calibrated_relevance_plus_evidence_risk,tfidf_cosine,0.05,0.75,0.25,minmax,0.7308867348040715,0.6435666666666666,0.4635,0.764,0.6373173556428624,0.7073770604549419,1.0,2.333,2.0,6.0,6.0,6.0,True,0.4838333333333333,0.8305,0.6545333333333333,0.1935588335252477,0.03310146786319793,0.04984978453256485
D_Backbone_plus_calibrated_relevance_plus_evidence_risk,tfidf_cosine,0.1,0.75,0.25,minmax,0.7286615744280834,0.6407083333333332,0.46,0.7605,0.6339482853964339,0.7019460353949817,1.0,2.3535,2.0,6.0,6.0,6.0,True,0.47658333333333336,0.8215,0.6683999999999999,0.1935588335252477,0.029956224775319822,0.045186987670096844
D_Backbone_plus_calibrated_relevance_plus_evidence_risk,tfidf_cosine,0.2,0.75,0.25,minmax,0.7255564707359627,0.6365999999999999,0.4535,0.761,0.6313410746571482,0.6975942065479831,1.0,2.3705,2.0,6.0,6.0,6.0,True,0.46391666666666664,0.821,0.6836666666666665,0.1935588335252477,0.025567190155533954,0.03848506681529617
D_Backbone_plus_calibrated_relevance_plus_evidence_risk,tfidf_cosine,0.5,0.75,0.25,minmax,0.7080352853661654,0.6137,0.425,0.736,0.6040673556428624,0.6784700888361997,1.0,2.481,2.0,6.0,6.0,6.0,True,0.4938333333333333,0.8555,0.6778666666666665,0.1935588335252477,0.0008011608075076167,0.001128315275757682
D_Backbone_plus_calibrated_relevance_plus_evidence_risk,tfidf_cosine,0.0,0.9,0.09999999999999998,minmax,0.7261488855577841,0.6373166666666666,0.4535,0.7635,0.6329183990410769,0.7010362788666684,1.0,2.361,2.0,6.0,6.0,6.0,True,0.38641666666666663,0.699,0.7395333333333333,0.1935588335252477,0.02640456288767369,0.039654164570900416
D_Backbone_plus_calibrated_relevance_plus_evidence_risk,tfidf_cosine,0.05,0.9,0.09999999999999998,minmax,0.7245097702481841,0.6352083333333333,0.451,0.763,0.6313529341642912,0.6965475060602043,1.0,2.376,2.0,6.0,6.0,6.0,True,0.41341666666666665,0.7465,0.7163999999999998,0.1935588335252477,0.02408768894304152,0.0362148421038322
D_Backbone_plus_calibrated_relevance_plus_evidence_risk,tfidf_cosine,0.1,0.9,0.09999999999999998,minmax,0.7195592716825928,0.62865,0.4405,0.753,0.6221503721928627,0.6907064895268431,1.0,2.401,2.0,6.0,6.0,6.0,True,0.40575,0.746,0.7288,0.1935588335252477,0.01709020617146269,0.025516238224059126
D_Backbone_plus_calibrated_relevance_plus_evidence_risk,tfidf_cosine,0.2,0.9,0.09999999999999998,minmax,0.7156397568735288,0.6237083333333333,0.4375,0.743,0.6145374692875054,0.6850059387822389,1.0,2.441,2.0,6.0,6.0,6.0,True,0.416,0.763,0.7336666666666666,0.1935588335252477,0.011550009161810992,0.01745490137436964
D_Backbone_plus_calibrated_relevance_plus_evidence_risk,tfidf_cosine,0.5,0.9,0.09999999999999998,minmax,0.7040207479453672,0.6083166666666666,0.4145,0.73,0.597584907316077,0.6746336550089553,1.0,2.497,2.0,6.0,6.0,6.0,True,0.4675833333333333,0.828,0.6971333333333332,0.1935588335252477,-0.0048733497626291195,-0.007653512051222768
B_Backbone_plus_calibrated_relevance,tfidf_cosine,0.0,0.5,0.5,zscore,0.7371959020707898,0.651975,0.477,0.7685,0.6455317771214336,0.7145767456894304,1.0,2.306,2.0,6.0,6.0,6.0,True,0.5681666666666666,0.856,0.5677333333333332,0.1935588335252477,0.0420194159581081,0.06356629192099081
B_Backbone_plus_calibrated_relevance,tfidf_cosine,0.0,0.75,0.25,zscore,0.729281713066056,0.6414249999999999,0.4595,0.763,0.6354065395339339,0.7055939351233724,1.0,2.3405,2.0,6.0,6.0,6.0,True,0.4495,0.779,0.6863999999999999,0.1935588335252477,0.030832784858654667,0.04635608542570109
B_Backbone_plus_calibrated_relevance,tfidf_cosine,0.0,0.9,0.09999999999999998,zscore,0.7259670809347851,0.637075,0.453,0.7625,0.6322993287946483,0.7006763706501156,1.0,2.362,2.0,6.0,6.0,6.0,True,0.385,0.6965,0.7408666666666666,0.1935588335252477,0.026147583777312734,0.039259933932382675
C_Backbone_plus_evidence_risk,tfidf_cosine,0.0,1.0,0.0,zscore,0.7074684893399596,0.6130083333333333,0.423,0.737,0.6046147936714341,0.6768346712486698,1.0,2.4925,2.0,6.0,6.0,6.0,True,0.0,0.0,0.9999999999999999,0.1935588335252477,0.0,0.0
C_Backbone_plus_evidence_risk,tfidf_cosine,0.05,1.0,0.0,zscore,0.7156053818102474,0.6235916666666667,0.436,0.744,0.6148111883017913,0.6863963924673895,1.0,2.435,2.0,6.0,6.0,6.0,True,0.36475,0.678,0.7683333333333333,0.1935588335252477,0.011501420335878289,0.01726458313508526
C_Backbone_plus_evidence_risk,tfidf_cosine,0.1,1.0,0.0,zscore,0.7142517785097612,0.62185,0.4345,0.7415,0.6124838639178626,0.6848646855733493,1.0,2.4455,2.0,6.0,6.0,6.0,True,0.37975,0.7,0.7598666666666666,0.1935588335252477,0.009588114908312136,0.014423403705768136
C_Backbone_plus_evidence_risk,tfidf_cosine,0.2,1.0,0.0,zscore,0.71118908845511,0.6177999999999999,0.4285,0.7395,0.6086802585482198,0.6809114775509281,1.0,2.4615,2.0,6.0,6.0,6.0,True,0.4050833333333333,0.7455,0.7436666666666665,0.1935588335252477,0.005259031562835396,0.007816641970609382
C_Backbone_plus_evidence_risk,tfidf_cosine,0.5,1.0,0.0,zscore,0.700224284438997,0.6032333333333333,0.406,0.7305,0.5940431614535772,0.670124777128369,1.0,2.5115,2.0,6.0,6.0,6.0,True,0.46,0.8135,0.7065999999999999,0.1935588335252477,-0.01023961492295046,-0.015945949620043195
D_Backbone_plus_calibrated_relevance_plus_evidence_risk,tfidf_cosine,0.0,0.5,0.5,zscore,0.7371959020707898,0.651975,0.477,0.7685,0.6455317771214336,0.7145767456894304,1.0,2.306,2.0,6.0,6.0,6.0,True,0.5681666666666666,0.856,0.5677333333333332,0.1935588335252477,0.0420194159581081,0.06356629192099081
D_Backbone_plus_calibrated_relevance_plus_evidence_risk,tfidf_cosine,0.05,0.5,0.5,zscore,0.7359107030525722,0.6501333333333333,0.4725,0.771,0.644924566382148,0.7143601682325368,1.0,2.2995,2.0,6.0,6.0,6.0,True,0.591,0.8975,0.5375333333333333,0.1935588335252477,0.0402027993347775,0.06056198257228707
D_Backbone_plus_calibrated_relevance_plus_evidence_risk,tfidf_cosine,0.1,0.5,0.5,zscore,0.7343814200403653,0.6482166666666667,0.471,0.765,0.6411091015053624,0.7114060564718979,1.0,2.317,2.0,6.0,6.0,6.0,True,0.5806666666666668,0.8965,0.5532,0.1935588335252477,0.038041172300853125,0.057435325784043284
D_Backbone_plus_calibrated_relevance_plus_evidence_risk,tfidf_cosine,0.2,0.5,0.5,zscore,0.7272300743226209,0.6388083333333334,0.4575,0.761,0.6327518907660767,0.7010488460701813,1.0,2.3595,2.0,6.0,6.0,6.0,True,0.5674166666666667,0.8855,0.5735333333333332,0.1935588335252477,0.02793281295269845,0.04208751920175119
D_Backbone_plus_calibrated_relevance_plus_evidence_risk,tfidf_cosine,0.5,0.5,0.5,zscore,0.672134184368532,0.5657916666666666,0.348,0.7175,0.5603761780035776,0.6420346770579042,1.0,2.627,2.0,6.0,6.0,6.0,True,0.6000833333333333,0.897,0.5415333333333333,0.1935588335252477,-0.04994470496402344,-0.07702451027038788
D_Backbone_plus_calibrated_relevance_plus_evidence_risk,tfidf_cosine,0.0,0.75,0.25,zscore,0.729281713066056,0.6414249999999999,0.4595,0.763,0.6354065395339339,0.7055939351233724,1.0,2.3405,2.0,6.0,6.0,6.0,True,0.4495,0.779,0.6863999999999999,0.1935588335252477,0.030832784858654667,0.04635608542570109
D_Backbone_plus_calibrated_relevance_plus_evidence_risk,tfidf_cosine,0.05,0.75,0.25,zscore,0.7310979884279829,0.6438166666666666,0.463,0.7665,0.6386446800267911,0.7068758997046374,1.0,2.3305,2.0,6.0,6.0,6.0,True,0.4785,0.8275,0.6596,0.1935588335252477,0.03340007285705212,0.050257609331031385
D_Backbone_plus_calibrated_relevance_plus_evidence_risk,tfidf_cosine,0.1,0.75,0.25,zscore,0.728998059078611,0.6411333333333333,0.46,0.7635,0.6356446800267911,0.7017482092648475,1.0,2.351,2.0,6.0,6.0,6.0,True,0.4673333333333333,0.815,0.6759333333333332,0.1935588335252477,0.030431842637595963,0.04588028982749023
D_Backbone_plus_calibrated_relevance_plus_evidence_risk,tfidf_cosine,0.2,0.75,0.25,zscore,0.7247185524848125,0.6355083333333333,0.452,0.761,0.630656539533934,0.6967562882968328,1.0,2.3765,2.0,6.0,6.0,6.0,True,0.4605,0.8155,0.6881999999999999,0.1935588335252477,0.024382800654410095,0.03670423186199222
D_Backbone_plus_calibrated_relevance_plus_evidence_risk,tfidf_cosine,0.5,0.75,0.25,zscore,0.7047353806883987,0.6093500000000001,0.419,0.7325,0.5993828205196481,0.6755263913455407,1.0,2.4985,2.0,6.0,6.0,6.0,True,0.5059166666666667,0.8595,0.6669999999999999,0.1935588335252477,-0.0038632231579823987,-0.005967836217560732
D_Backbone_plus_calibrated_relevance_plus_evidence_risk,tfidf_cosine,0.0,0.9,0.09999999999999998,zscore,0.7259670809347851,0.637075,0.453,0.7625,0.6322993287946483,0.7006763706501156,1.0,2.362,2.0,6.0,6.0,6.0,True,0.385,0.6965,0.7408666666666666,0.1935588335252477,0.026147583777312734,0.039259933932382675
D_Backbone_plus_calibrated_relevance_plus_evidence_risk,tfidf_cosine,0.05,0.9,0.09999999999999998,zscore,0.7244552745401404,0.6351083333333334,0.45,0.7625,0.6310611883017911,0.6964930103521606,1.0,2.3745,2.0,6.0,6.0,6.0,True,0.41183333333333333,0.7465,0.7168,0.1935588335252477,0.024010659776562932,0.036051712184445764
D_Backbone_plus_calibrated_relevance_plus_evidence_risk,tfidf_cosine,0.1,0.9,0.09999999999999998,zscore,0.7197193219658683,0.628875,0.441,0.7535,0.6225849073160771,0.6906884362165645,1.0,2.4015,2.0,6.0,6.0,6.0,True,0.4055833333333333,0.7435,0.7310666666666666,0.1935588335252477,0.017316435728944188,0.025883280542678914
D_Backbone_plus_calibrated_relevance_plus_evidence_risk,tfidf_cosine,0.2,0.9,0.09999999999999998,zscore,0.7149161486662939,0.6227583333333333,0.4365,0.741,0.6129065395339339,0.684816641355666,1.0,2.4445,2.0,6.0,6.0,6.0,True,0.4168333333333333,0.762,0.7327333333333333,0.1935588335252477,0.01052719582363684,0.015905167140196633
D_Backbone_plus_calibrated_relevance_plus_evidence_risk,tfidf_cosine,0.5,0.9,0.09999999999999998,zscore,0.7033652222389257,0.6073999999999999,0.4125,0.7315,0.5974658370696486,0.6739781293025138,1.0,2.496,2.0,6.0,6.0,6.0,True,0.4723333333333333,0.8265,0.6959333333333332,0.1935588335252477,-0.005799929131631166,-0.00914886964560024
