domain,dataset_type,backbone,method,NDCG@10,MRR,HR@1,HR@3,NDCG@3,NDCG@5,relative_NDCG_vs_backbone,relative_MRR_vs_backbone,fallback_rate,positive_fallback_rate,claim_level
beauty,beauty_full,SASRec-style,Backbone only,0.5446339551000305,0.399571771154505,0.1459403905447071,0.513189448441247,0.3530685820046056,0.4931370613146296,0.0,0.0,0.0883864337101747,,beauty_full_primary
beauty,beauty_full,SASRec-style,Backbone + calibrated relevance,0.6052841046994109,0.4789768185451639,0.2483727303871188,0.5954093867762932,0.4457984099532672,0.5644038691114742,0.1113594718644395,0.1987253683142567,0.0883864337101747,,beauty_full_primary
beauty,beauty_full,SASRec-style,Backbone + evidence risk,0.5560325835622358,0.4146340070800502,0.1671805412812607,0.5292908530318602,0.3713356708082564,0.5047797508848225,0.0209289713861335,0.0376959460424972,0.0883864337101747,,beauty_full_primary
beauty,beauty_full,SASRec-style,Backbone + calibrated relevance + evidence risk,0.6098952985924221,0.4853146054584903,0.2610483042137718,0.5940390544707091,0.4503296727695445,0.5665744519246085,0.1198260646095877,0.2145868164216,0.0883864337101747,,beauty_full_primary
beauty,beauty_full,LLM-ESR GRU4Rec,Backbone only,0.5347038252309285,0.3872559095580678,0.1394313120931826,0.4816718054128126,0.3318573596938823,0.4692954482902298,0.0,0.0,0.1336073997944501,,beauty_full_primary
beauty,beauty_full,LLM-ESR GRU4Rec,Backbone + calibrated relevance,0.5919794995363593,0.4622130866735183,0.23706748886605,0.5556697499143542,0.4174950030600057,0.5425571251688537,0.1071166346728387,0.1935598018400567,0.1336073997944501,,beauty_full_primary
beauty,beauty_full,LLM-ESR GRU4Rec,Backbone + evidence risk,0.5453996583443498,0.401809980586959,0.1651250428228845,0.4607742377526549,0.3341208782753436,0.4831640758074909,0.0200032851996185,0.0375825666430761,0.1336073997944501,,beauty_full_primary
beauty,beauty_full,LLM-ESR GRU4Rec,Backbone + calibrated relevance + evidence risk,0.6037383473477781,0.4778348749571772,0.2613908872901678,0.5618362452894826,0.4316185920153717,0.557000645168137,0.1291079638097499,0.2338995046001417,0.1336073997944501,,beauty_full_primary
beauty,beauty_full,LLM-ESR Bert4Rec,Backbone only,0.5230836197575035,0.3728160328879753,0.1329222336416581,0.4436450839328537,0.3062702402131396,0.448156859605285,0.0,0.0,0.1336073997944501,,beauty_full_primary
beauty,beauty_full,LLM-ESR Bert4Rec,Backbone + calibrated relevance,0.5844328586952764,0.4521125956377754,0.2178828365878725,0.5584104145255224,0.4118297053394071,0.5336681482338386,0.1172838082106524,0.2126962248257905,0.1336073997944501,,beauty_full_primary
beauty,beauty_full,LLM-ESR Bert4Rec,Backbone + evidence risk,0.5364423634924916,0.3902934795021126,0.1555327166837958,0.4614594039054471,0.326617204673816,0.4685933754719159,0.0255384478320715,0.0468795466727928,0.1336073997944501,,beauty_full_primary
beauty,beauty_full,LLM-ESR Bert4Rec,Backbone + calibrated relevance + evidence risk,0.593122520330362,0.4642286171063149,0.2439191503939705,0.5357999314833847,0.4118381566461166,0.5384528321411213,0.1338961839511009,0.2451948847538097,0.1336073997944501,,beauty_full_primary
movies_small,movies_small,sasrec,A_SASRec_only,0.5410998211943354,0.3925,0.108,0.586,0.3737096697285773,0.5161653180967738,0.0,0.0,0.41,0.852,small_cross_domain_caution
movies_small,movies_small,sasrec,B_SASRec_plus_calibrated_relevance,0.6108088872399267,0.4837666666666667,0.214,0.68,0.4823510334642936,0.5865867985165812,0.1288284773255456,0.2325265392781316,0.41,0.852,small_cross_domain_caution
movies_small,movies_small,sasrec,B_SASRec_plus_calibrated_relevance,0.572529940983919,0.4325,0.132,0.672,0.4399696285357227,0.5518699241316537,0.0580856222059172,0.1019108280254776,0.41,0.852,small_cross_domain_caution
movies_small,movies_small,sasrec,B_SASRec_plus_calibrated_relevance,0.5656397865472732,0.4235,0.126,0.656,0.4253035954357219,0.5471170128176561,0.0453520115729705,0.0789808917197451,0.41,0.852,small_cross_domain_caution
movies_small,movies_small,sasrec,C_SASRec_plus_evidence_risk,0.5410998211943354,0.3925,0.108,0.586,0.3737096697285773,0.5161653180967738,0.0,0.0,0.41,0.852,small_cross_domain_caution
movies_small,movies_small,sasrec,D_SASRec_plus_calibrated_relevance_plus_evidence_risk,0.6108088872399267,0.4837666666666667,0.214,0.68,0.4823510334642936,0.5865867985165812,0.1288284773255456,0.2325265392781316,0.41,0.852,small_cross_domain_caution
movies_small,movies_small,sasrec,D_SASRec_plus_calibrated_relevance_plus_evidence_risk,0.572529940983919,0.4325,0.132,0.672,0.4399696285357227,0.5518699241316537,0.0580856222059172,0.1019108280254776,0.41,0.852,small_cross_domain_caution
movies_small,movies_small,sasrec,D_SASRec_plus_calibrated_relevance_plus_evidence_risk,0.5656397865472732,0.4235,0.126,0.656,0.4253035954357219,0.5471170128176561,0.0453520115729705,0.0789808917197451,0.41,0.852,small_cross_domain_caution
movies_small,movies_small,sasrec,C_SASRec_plus_evidence_risk,0.5499971221980577,0.4036999999999999,0.114,0.604,0.3888519838142924,0.5293371053457925,0.0164429937974916,0.0285350318471335,0.41,0.852,small_cross_domain_caution
movies_small,movies_small,sasrec,D_SASRec_plus_calibrated_relevance_plus_evidence_risk,0.6138703105719715,0.4879,0.222,0.674,0.4825654549428648,0.5896482218486259,0.1344862565598606,0.2430573248407642,0.41,0.852,small_cross_domain_caution
movies_small,movies_small,sasrec,D_SASRec_plus_calibrated_relevance_plus_evidence_risk,0.5757062201900122,0.4368999999999999,0.146,0.662,0.438041735928579,0.5571834464603951,0.0639556651844612,0.1131210191082801,0.41,0.852,small_cross_domain_caution
movies_small,movies_small,sasrec,D_SASRec_plus_calibrated_relevance_plus_evidence_risk,0.5675842213061284,0.4264,0.136,0.638,0.4197324383928644,0.5483490332022952,0.0489454978072911,0.0863694267515923,0.41,0.852,small_cross_domain_caution
movies_small,movies_small,sasrec,C_SASRec_plus_evidence_risk,0.5486652140953049,0.4021666666666666,0.116,0.588,0.3808045457857207,0.5280051972430396,0.0139815106282438,0.0246284501061569,0.41,0.852,small_cross_domain_caution
movies_small,movies_small,sasrec,D_SASRec_plus_calibrated_relevance_plus_evidence_risk,0.6143069134322108,0.4887333333333333,0.23,0.662,0.4776850003642928,0.5907972390830813,0.1352931369969592,0.2451804670912951,0.41,0.852,small_cross_domain_caution
movies_small,movies_small,sasrec,D_SASRec_plus_calibrated_relevance_plus_evidence_risk,0.5731629991071855,0.4338333333333333,0.146,0.646,0.4292561574071502,0.5532153966291362,0.059255569225802,0.1053078556263269,0.41,0.852,small_cross_domain_caution
movies_small,movies_small,sasrec,D_SASRec_plus_calibrated_relevance_plus_evidence_risk,0.5617919179830553,0.4191,0.132,0.608,0.4014231408571498,0.5439815586276543,0.0382408124679241,0.0677707006369427,0.41,0.852,small_cross_domain_caution
movies_small,movies_small,sasrec,C_SASRec_plus_evidence_risk,0.5516807720442785,0.4065333333333333,0.128,0.58,0.3812333887428632,0.5281710976951491,0.0195545266058088,0.0357537154989384,0.41,0.852,small_cross_domain_caution
movies_small,movies_small,sasrec,D_SASRec_plus_calibrated_relevance_plus_evidence_risk,0.6057059611124588,0.4779666666666667,0.224,0.628,0.4558519838142923,0.5800590436406813,0.119397821598836,0.2177494692144374,0.41,0.852,small_cross_domain_caution
movies_small,movies_small,sasrec,D_SASRec_plus_calibrated_relevance_plus_evidence_risk,0.5713386920161043,0.4318666666666667,0.152,0.62,0.4166375623357211,0.5528159182864872,0.055884089473592,0.1002972399150742,0.41,0.852,small_cross_domain_caution
movies_small,movies_small,sasrec,D_SASRec_plus_calibrated_relevance_plus_evidence_risk,0.5610549757731169,0.4187333333333333,0.14,0.59,0.3945901243071495,0.5382577157982036,0.0368788785306484,0.0668365180467091,0.41,0.852,small_cross_domain_caution
movies_small,movies_small,sasrec,C_SASRec_plus_evidence_risk,0.5441077824434909,0.3977,0.128,0.528,0.3549715292357203,0.5070622349842566,0.0055589766090038,0.013248407643312,0.41,0.852,small_cross_domain_caution
movies_small,movies_small,sasrec,D_SASRec_plus_calibrated_relevance_plus_evidence_risk,0.5865365858857646,0.4537333333333333,0.21,0.578,0.4175673556428624,0.5551903534202587,0.0839711323340294,0.156008492569002,0.41,0.852,small_cross_domain_caution
movies_small,movies_small,sasrec,D_SASRec_plus_calibrated_relevance_plus_evidence_risk,0.5618364046966919,0.4211666666666666,0.162,0.54,0.3774478102214345,0.5276405147343218,0.038323027822456,0.0730360934182589,0.41,0.852,small_cross_domain_caution
movies_small,movies_small,sasrec,D_SASRec_plus_calibrated_relevance_plus_evidence_risk,0.5490825091799565,0.4043,0.138,0.528,0.3597096697285774,0.5127493760949382,0.0147527086000534,0.0300636942675158,0.41,0.852,small_cross_domain_caution
movies_small,movies_small,sasrec,A_SASRec_only,0.5410998211943354,0.3925,0.108,0.586,0.3737096697285773,0.5161653180967738,0.0,0.0,0.41,0.852,small_cross_domain_caution
movies_small,movies_small,sasrec,B_SASRec_plus_calibrated_relevance,0.6085139480199909,0.4807999999999999,0.212,0.67,0.4755654549428648,0.5864291024192936,0.1245872280586908,0.2249681528662418,0.41,0.852,small_cross_domain_caution
movies_small,movies_small,sasrec,B_SASRec_plus_calibrated_relevance,0.5718273204167885,0.4315333333333333,0.132,0.668,0.4369221905071511,0.5533045466871713,0.0567871176793779,0.0994479830148619,0.41,0.852,small_cross_domain_caution
movies_small,movies_small,sasrec,B_SASRec_plus_calibrated_relevance,0.5651408427455299,0.4229333333333333,0.128,0.652,0.4229942979000073,0.5466180690159127,0.0444299195999182,0.077537154989384,0.41,0.852,small_cross_domain_caution
movies_small,movies_small,sasrec,C_SASRec_plus_evidence_risk,0.5410998211943354,0.3925,0.108,0.586,0.3737096697285773,0.5161653180967738,0.0,0.0,0.41,0.852,small_cross_domain_caution
movies_small,movies_small,sasrec,D_SASRec_plus_calibrated_relevance_plus_evidence_risk,0.6085139480199909,0.4807999999999999,0.212,0.67,0.4755654549428648,0.5864291024192936,0.1245872280586908,0.2249681528662418,0.41,0.852,small_cross_domain_caution
movies_small,movies_small,sasrec,D_SASRec_plus_calibrated_relevance_plus_evidence_risk,0.5718273204167885,0.4315333333333333,0.132,0.668,0.4369221905071511,0.5533045466871713,0.0567871176793779,0.0994479830148619,0.41,0.852,small_cross_domain_caution
movies_small,movies_small,sasrec,D_SASRec_plus_calibrated_relevance_plus_evidence_risk,0.5651408427455299,0.4229333333333333,0.128,0.652,0.4229942979000073,0.5466180690159127,0.0444299195999182,0.077537154989384,0.41,0.852,small_cross_domain_caution
movies_small,movies_small,sasrec,C_SASRec_plus_evidence_risk,0.5495966158070615,0.4032,0.114,0.602,0.3875901243071495,0.5289365989547962,0.0157028228062831,0.0272611464968152,0.41,0.852,small_cross_domain_caution
movies_small,movies_small,sasrec,D_SASRec_plus_calibrated_relevance_plus_evidence_risk,0.610410493245444,0.4834666666666667,0.22,0.67,0.4774705788857215,0.5861884045220985,0.1280922102286479,0.2317622080679406,0.41,0.852,small_cross_domain_caution
movies_small,movies_small,sasrec,D_SASRec_plus_calibrated_relevance_plus_evidence_risk,0.5754437305400857,0.4365333333333333,0.146,0.664,0.4385180169142932,0.5583457855589006,0.0634705612541973,0.1121868365180466,0.41,0.852,small_cross_domain_caution
movies_small,movies_small,sasrec,D_SASRec_plus_calibrated_relevance_plus_evidence_risk,0.5664084282517811,0.4249,0.136,0.634,0.4166850003642928,0.5478856545221639,0.0467725289607073,0.0825477707006369,0.41,0.852,small_cross_domain_caution
movies_small,movies_small,sasrec,C_SASRec_plus_evidence_risk,0.5498157338861178,0.4036,0.116,0.592,0.3835901243071495,0.5291557170338527,0.0161077722638021,0.02828025477707,0.41,0.852,small_cross_domain_caution
movies_small,movies_small,sasrec,D_SASRec_plus_calibrated_relevance_plus_evidence_risk,0.6068202869891521,0.479,0.22,0.656,0.4681138433214353,0.5825981982658066,0.1214571937018128,0.2203821656050954,0.41,0.852,small_cross_domain_caution
movies_small,movies_small,sasrec,D_SASRec_plus_calibrated_relevance_plus_evidence_risk,0.5702932093989967,0.4300666666666666,0.142,0.64,0.4237324383928644,0.5531952644178116,0.0539519457615502,0.0957112526539275,0.41,0.852,small_cross_domain_caution
movies_small,movies_small,sasrec,D_SASRec_plus_calibrated_relevance_plus_evidence_risk,0.5611084703177693,0.4182999999999999,0.134,0.606,0.3998519838142923,0.5425856965881523,0.0369777411481491,0.0657324840764329,0.41,0.852,small_cross_domain_caution
movies_small,movies_small,sasrec,C_SASRec_plus_evidence_risk,0.5496143384015395,0.4037999999999999,0.124,0.574,0.3764952482500061,0.5261046640524101,0.0157355757176384,0.0287898089171972,0.41,0.852,small_cross_domain_caution
movies_small,movies_small,sasrec,D_SASRec_plus_calibrated_relevance_plus_evidence_risk,0.5985189252939355,0.4685666666666667,0.214,0.62,0.4452808267714349,0.5721595934479417,0.1061155480939958,0.1938004246284501,0.41,0.852,small_cross_domain_caution
movies_small,movies_small,sasrec,D_SASRec_plus_calibrated_relevance_plus_evidence_risk,0.5651275181809277,0.4237333333333333,0.142,0.6,0.4016375623357211,0.5466047444513105,0.044405294634098,0.0795753715498938,0.41,0.852,small_cross_domain_caution
movies_small,movies_small,sasrec,D_SASRec_plus_calibrated_relevance_plus_evidence_risk,0.5567678430024395,0.413,0.132,0.59,0.3900664052928635,0.5346829974017422,0.0289558805869147,0.0522292993630572,0.41,0.852,small_cross_domain_caution
movies_small,movies_small,sasrec,C_SASRec_plus_evidence_risk,0.5430287220625984,0.3959666666666667,0.122,0.534,0.3554952482500061,0.5102576608486604,0.0035647782400029,0.008832271762208,0.41,0.852,small_cross_domain_caution
movies_small,movies_small,sasrec,D_SASRec_plus_calibrated_relevance_plus_evidence_risk,0.580656903575338,0.4461666666666667,0.206,0.568,0.4074250415571474,0.5528727429809124,0.0731049629506265,0.1367303609341826,0.41,0.852,small_cross_domain_caution
movies_small,movies_small,sasrec,D_SASRec_plus_calibrated_relevance_plus_evidence_risk,0.5610689244825989,0.4200666666666666,0.16,0.548,0.3799240912071486,0.5261606201460128,0.0369046569710316,0.0702335456475582,0.41,0.852,small_cross_domain_caution
movies_small,movies_small,sasrec,D_SASRec_plus_calibrated_relevance_plus_evidence_risk,0.5469967634904758,0.4013333333333334,0.13,0.54,0.362757107757149,0.5120884591538896,0.010898067353126,0.0225053078556263,0.41,0.852,small_cross_domain_caution
movies_small,movies_small,gru4rec,A_GRU4Rec_only,0.5054742714081201,0.3487333333333333,0.098,0.434,0.2804022728928603,0.4563176795872131,0.0,0.0,0.571,0.898,small_cross_domain_caution
movies_small,movies_small,gru4rec,B_GRU4Rec_plus_calibrated_relevance,0.5778280774069364,0.4423333333333333,0.194,0.576,0.4088292151500053,0.5357956293281898,0.1431404328399493,0.2683999235327853,0.571,0.898,small_cross_domain_caution
movies_small,movies_small,gru4rec,B_GRU4Rec_plus_calibrated_relevance,0.5381630983607399,0.3899333333333333,0.12,0.538,0.3538766531785769,0.4968430646562094,0.0646696158472266,0.1181418466832346,0.571,0.898,small_cross_domain_caution
movies_small,movies_small,gru4rec,B_GRU4Rec_plus_calibrated_relevance,0.5259311099224642,0.3739666666666666,0.104,0.518,0.3329961986000049,0.4860359049663657,0.0404705831166374,0.0723571018925635,0.571,0.898,small_cross_domain_caution
movies_small,movies_small,gru4rec,C_GRU4Rec_plus_evidence_risk,0.5054742714081201,0.3487333333333333,0.098,0.434,0.2804022728928603,0.4563176795872131,0.0,0.0,0.571,0.898,small_cross_domain_caution
movies_small,movies_small,gru4rec,D_GRU4Rec_plus_calibrated_relevance_plus_evidence_risk,0.5778280774069364,0.4423333333333333,0.194,0.576,0.4088292151500053,0.5357956293281898,0.1431404328399493,0.2683999235327853,0.571,0.898,small_cross_domain_caution
movies_small,movies_small,gru4rec,D_GRU4Rec_plus_calibrated_relevance_plus_evidence_risk,0.5381630983607399,0.3899333333333333,0.12,0.538,0.3538766531785769,0.4968430646562094,0.0646696158472266,0.1181418466832346,0.571,0.898,small_cross_domain_caution
movies_small,movies_small,gru4rec,D_GRU4Rec_plus_calibrated_relevance_plus_evidence_risk,0.5259311099224642,0.3739666666666666,0.104,0.518,0.3329961986000049,0.4860359049663657,0.0404705831166374,0.0723571018925635,0.571,0.898,small_cross_domain_caution
movies_small,movies_small,gru4rec,C_GRU4Rec_plus_evidence_risk,0.5080792520427937,0.3515,0.094,0.444,0.2847115704285749,0.4667592183382631,0.0051535375429036,0.0079334735232268,0.571,0.898,small_cross_domain_caution
movies_small,movies_small,gru4rec,D_GRU4Rec_plus_calibrated_relevance_plus_evidence_risk,0.5814346138803473,0.4472666666666666,0.202,0.572,0.4113529341642911,0.5401145801758168,0.1502753884201098,0.2825463582489007,0.571,0.898,small_cross_domain_caution
movies_small,movies_small,gru4rec,D_GRU4Rec_plus_calibrated_relevance_plus_evidence_risk,0.5415414470398046,0.3945,0.128,0.526,0.3518766531785769,0.501646242083706,0.071353138372821,0.1312368571974766,0.571,0.898,small_cross_domain_caution
movies_small,movies_small,gru4rec,D_GRU4Rec_plus_calibrated_relevance_plus_evidence_risk,0.5271085695713239,0.3757333333333333,0.11,0.498,0.325472479585719,0.4872133646152254,0.0427999987080179,0.0774230548652266,0.571,0.898,small_cross_domain_caution
movies_small,movies_small,gru4rec,C_GRU4Rec_plus_evidence_risk,0.5058529576572628,0.3485666666666666,0.09,0.442,0.2817115704285749,0.4645329239527321,0.000749170176531,-0.0004779200917609,0.571,0.898,small_cross_domain_caution
movies_small,movies_small,gru4rec,D_GRU4Rec_plus_calibrated_relevance_plus_evidence_risk,0.5826501183568089,0.4489,0.206,0.572,0.4123054961357195,0.5413300846522782,0.1526800696179787,0.2872299751481553,0.571,0.898,small_cross_domain_caution
movies_small,movies_small,gru4rec,D_GRU4Rec_plus_calibrated_relevance_plus_evidence_risk,0.5401048690728228,0.3929333333333333,0.132,0.516,0.3467817771214336,0.4987848353682922,0.0685110986326384,0.1267444083349264,0.571,0.898,small_cross_domain_caution
movies_small,movies_small,gru4rec,D_GRU4Rec_plus_calibrated_relevance_plus_evidence_risk,0.5226359806807291,0.3701666666666666,0.108,0.474,0.3111631820500045,0.4820283613504146,0.0339516969376126,0.0614605238004204,0.571,0.898,small_cross_domain_caution
movies_small,movies_small,gru4rec,C_GRU4Rec_plus_evidence_risk,0.5079727410187403,0.3514,0.094,0.432,0.2792352894428608,0.4659402929399936,0.004942822517277,0.0076467214681704,0.571,0.898,small_cross_domain_caution
movies_small,movies_small,gru4rec,D_GRU4Rec_plus_calibrated_relevance_plus_evidence_risk,0.583446112424725,0.4502666666666666,0.212,0.558,0.4077817771214336,0.5399888355975464,0.1542548165693886,0.2911489199005925,0.571,0.898,small_cross_domain_caution
movies_small,movies_small,gru4rec,D_GRU4Rec_plus_calibrated_relevance_plus_evidence_risk,0.5371414706461635,0.3892333333333334,0.132,0.492,0.3332106200785762,0.4979586800642811,0.0626484888139346,0.1161345822978399,0.571,0.898,small_cross_domain_caution
movies_small,movies_small,gru4rec,D_GRU4Rec_plus_calibrated_relevance_plus_evidence_risk,0.5190632412387135,0.3658666666666667,0.11,0.45,0.2978064464857182,0.479168036282615,0.026883603378542,0.0491301854329956,0.571,0.898,small_cross_domain_caution
movies_small,movies_small,gru4rec,C_GRU4Rec_plus_evidence_risk,0.5138931995921319,0.3599666666666667,0.114,0.406,0.2759734299357178,0.4647366077712249,0.0166555028815984,0.0322118141846684,0.571,0.898,small_cross_domain_caution
movies_small,movies_small,gru4rec,D_GRU4Rec_plus_calibrated_relevance_plus_evidence_risk,0.5638830149107755,0.4251999999999999,0.19,0.51,0.3693776035285758,0.5154388374640846,0.1155523570763431,0.2192697380997895,0.571,0.898,small_cross_domain_caution
movies_small,movies_small,gru4rec,D_GRU4Rec_plus_calibrated_relevance_plus_evidence_risk,0.5382550366937594,0.3919666666666667,0.156,0.442,0.3152352894428608,0.4940853454923646,0.0648515011344111,0.1239724718027146,0.571,0.898,small_cross_domain_caution
movies_small,movies_small,gru4rec,D_GRU4Rec_plus_calibrated_relevance_plus_evidence_risk,0.5180833523125342,0.3652,0.116,0.42,0.2855445869785754,0.4703515892400593,0.024945049862357,0.047218505065953,0.571,0.898,small_cross_domain_caution
movies_small,movies_small,gru4rec,A_GRU4Rec_only,0.5054742714081201,0.3487333333333333,0.098,0.434,0.2804022728928603,0.4563176795872131,0.0,0.0,0.571,0.898,small_cross_domain_caution
movies_small,movies_small,gru4rec,B_GRU4Rec_plus_calibrated_relevance,0.5841514252292372,0.4502333333333334,0.198,0.596,0.4226622317000058,0.5478182921442191,0.1556501651447917,0.2910533358822406,0.571,0.898,small_cross_domain_caution
movies_small,movies_small,gru4rec,B_GRU4Rec_plus_calibrated_relevance,0.535283779029049,0.3862666666666666,0.118,0.526,0.3458292151500053,0.4939637453245185,0.0589733430702365,0.1076276046645,0.571,0.898,small_cross_domain_caution
movies_small,movies_small,gru4rec,B_GRU4Rec_plus_calibrated_relevance,0.5247826240356401,0.3723999999999999,0.102,0.52,0.332472479585719,0.4855998334537575,0.0381984874793567,0.0678646530300132,0.571,0.898,small_cross_domain_caution
movies_small,movies_small,gru4rec,C_GRU4Rec_plus_evidence_risk,0.5054742714081201,0.3487333333333333,0.098,0.434,0.2804022728928603,0.4563176795872131,0.0,0.0,0.571,0.898,small_cross_domain_caution
movies_small,movies_small,gru4rec,D_GRU4Rec_plus_calibrated_relevance_plus_evidence_risk,0.5841514252292372,0.4502333333333334,0.198,0.596,0.4226622317000058,0.5478182921442191,0.1556501651447917,0.2910533358822406,0.571,0.898,small_cross_domain_caution
movies_small,movies_small,gru4rec,D_GRU4Rec_plus_calibrated_relevance_plus_evidence_risk,0.535283779029049,0.3862666666666666,0.118,0.526,0.3458292151500053,0.4939637453245185,0.0589733430702365,0.1076276046645,0.571,0.898,small_cross_domain_caution
movies_small,movies_small,gru4rec,D_GRU4Rec_plus_calibrated_relevance_plus_evidence_risk,0.5247826240356401,0.3723999999999999,0.102,0.52,0.332472479585719,0.4855998334537575,0.0381984874793567,0.0678646530300132,0.571,0.898,small_cross_domain_caution
movies_small,movies_small,gru4rec,C_GRU4Rec_plus_evidence_risk,0.5072534640482589,0.3504,0.092,0.444,0.2839734299357178,0.4659334303437283,0.0035198480729443,0.0047792009176066,0.571,0.898,small_cross_domain_caution
movies_small,movies_small,gru4rec,D_GRU4Rec_plus_calibrated_relevance_plus_evidence_risk,0.58391172208375,0.4501333333333333,0.2,0.59,0.4206622317000057,0.5461537602502997,0.1551759508097683,0.290766583827184,0.571,0.898,small_cross_domain_caution
movies_small,movies_small,gru4rec,D_GRU4Rec_plus_calibrated_relevance_plus_evidence_risk,0.5359122464000885,0.3873,0.124,0.506,0.3375199176142908,0.4953046270697739,0.0602166652462372,0.110590709233416,0.571,0.898,small_cross_domain_caution
movies_small,movies_small,gru4rec,D_GRU4Rec_plus_calibrated_relevance_plus_evidence_risk,0.5259070503983355,0.3742333333333333,0.11,0.492,0.3216869010642902,0.486011845442237,0.0404229851962495,0.0731217740393806,0.571,0.898,small_cross_domain_caution
movies_small,movies_small,gru4rec,C_GRU4Rec_plus_evidence_risk,0.5060436869211817,0.3487666666666666,0.09,0.446,0.283449710921432,0.4647236532166511,0.0011264975197954,9.5584018352121e-05,0.571,0.898,small_cross_domain_caution
movies_small,movies_small,gru4rec,D_GRU4Rec_plus_calibrated_relevance_plus_evidence_risk,0.5803876823061491,0.4456,0.196,0.582,0.4138766531785769,0.5404924773500507,0.1482042017476769,0.2777671573312942,0.571,0.898,small_cross_domain_caution
movies_small,movies_small,gru4rec,D_GRU4Rec_plus_calibrated_relevance_plus_evidence_risk,0.5353946193441111,0.3868333333333333,0.126,0.498,0.3342580581071478,0.4947870000137965,0.0591926229056936,0.1092525329764862,0.571,0.898,small_cross_domain_caution
movies_small,movies_small,gru4rec,D_GRU4Rec_plus_calibrated_relevance_plus_evidence_risk,0.5220744853531657,0.3694666666666667,0.11,0.474,0.310330165500004,0.4836041091454992,0.0328408682380643,0.0594532594150259,0.571,0.898,small_cross_domain_caution
movies_small,movies_small,gru4rec,C_GRU4Rec_plus_evidence_risk,0.5070076759975687,0.3501,0.092,0.432,0.2782352894428607,0.4664000566672541,0.0030335957262017,0.0039189447524374,0.571,0.898,small_cross_domain_caution
movies_small,movies_small,gru4rec,D_GRU4Rec_plus_calibrated_relevance_plus_evidence_risk,0.5763595479209376,0.4407999999999999,0.198,0.558,0.4005199176142908,0.5329022710937589,0.1402351821297442,0.2640030586885871,0.571,0.898,small_cross_domain_caution
movies_small,movies_small,gru4rec,D_GRU4Rec_plus_calibrated_relevance_plus_evidence_risk,0.5318286117568451,0.3821666666666666,0.122,0.49,0.3269487605714332,0.4926458211749627,0.0521378472445466,0.0958707704071878,0.571,0.898,small_cross_domain_caution
movies_small,movies_small,gru4rec,D_GRU4Rec_plus_calibrated_relevance_plus_evidence_risk,0.5159160156374566,0.3616999999999999,0.104,0.448,0.2938064464857182,0.47388356755871,0.0206573208963703,0.037182183138979,0.571,0.898,small_cross_domain_caution
movies_small,movies_small,gru4rec,C_GRU4Rec_plus_evidence_risk,0.5115363925884265,0.3566333333333333,0.106,0.406,0.2730208679642895,0.4652294582643837,0.0119929371744658,0.022653412349455,0.571,0.898,small_cross_domain_caution
movies_small,movies_small,gru4rec,D_GRU4Rec_plus_calibrated_relevance_plus_evidence_risk,0.5613849768192454,0.4218333333333334,0.188,0.51,0.3660208679642895,0.5157904568694186,0.1106103882505683,0.2096157522462245,0.571,0.898,small_cross_domain_caution
movies_small,movies_small,gru4rec,D_GRU4Rec_plus_calibrated_relevance_plus_evidence_risk,0.5345494778627031,0.3869666666666667,0.148,0.448,0.3139734299357178,0.4889549579128763,0.0575206456573686,0.1096348690498948,0.571,0.898,small_cross_domain_caution
movies_small,movies_small,gru4rec,D_GRU4Rec_plus_calibrated_relevance_plus_evidence_risk,0.515708447001493,0.3619666666666667,0.11,0.412,0.2793301655000041,0.4715387558000983,0.0202466795488189,0.0379468552857963,0.571,0.898,small_cross_domain_caution
movies_small,movies_small,bert4rec,A_Bert4Rec_only,0.4862176855603787,0.3234666666666667,0.058,0.414,0.2548538845142899,0.426374878126231,0.0,0.0,0.571,0.898,small_cross_domain_caution
movies_small,movies_small,bert4rec,B_Bert4Rec_plus_calibrated_relevance,0.5649039423934252,0.4252333333333333,0.166,0.578,0.3981859507142915,0.5185970080693824,0.1618333910301072,0.3146125309150865,0.571,0.898,small_cross_domain_caution
movies_small,movies_small,bert4rec,B_Bert4Rec_plus_calibrated_relevance,0.5271767996934019,0.3758666666666667,0.106,0.52,0.3368292151500053,0.4794450366209269,0.0842402803300268,0.16199505358615,0.571,0.898,small_cross_domain_caution
movies_small,movies_small,bert4rec,B_Bert4Rec_plus_calibrated_relevance,0.5118077906160404,0.3557,0.08,0.504,0.3153054961357195,0.4626511987951334,0.0526309630760723,0.0996496290189614,0.571,0.898,small_cross_domain_caution
movies_small,movies_small,bert4rec,C_Bert4Rec_plus_evidence_risk,0.4862176855603787,0.3234666666666667,0.058,0.414,0.2548538845142899,0.426374878126231,0.0,0.0,0.571,0.898,small_cross_domain_caution
movies_small,movies_small,bert4rec,D_Bert4Rec_plus_calibrated_relevance_plus_evidence_risk,0.5649039423934252,0.4252333333333333,0.166,0.578,0.3981859507142915,0.5185970080693824,0.1618333910301072,0.3146125309150865,0.571,0.898,small_cross_domain_caution
movies_small,movies_small,bert4rec,D_Bert4Rec_plus_calibrated_relevance_plus_evidence_risk,0.5271767996934019,0.3758666666666667,0.106,0.52,0.3368292151500053,0.4794450366209269,0.0842402803300268,0.16199505358615,0.571,0.898,small_cross_domain_caution
movies_small,movies_small,bert4rec,D_Bert4Rec_plus_calibrated_relevance_plus_evidence_risk,0.5118077906160404,0.3557,0.08,0.504,0.3153054961357195,0.4626511987951334,0.0526309630760723,0.0996496290189614,0.571,0.898,small_cross_domain_caution
movies_small,movies_small,bert4rec,C_Bert4Rec_plus_evidence_risk,0.4949520435663456,0.3346333333333333,0.072,0.434,0.2702827274714324,0.4400961367517102,0.0179638838021703,0.0345218466611706,0.571,0.898,small_cross_domain_caution
movies_small,movies_small,bert4rec,D_Bert4Rec_plus_calibrated_relevance_plus_evidence_risk,0.57166838554844,0.4345333333333333,0.186,0.57,0.4018292151500053,0.5246490368501812,0.1757457668154893,0.3433635614179719,0.571,0.898,small_cross_domain_caution
movies_small,movies_small,bert4rec,D_Bert4Rec_plus_calibrated_relevance_plus_evidence_risk,0.5295367758479771,0.3790666666666666,0.11,0.514,0.336876653178577,0.479667769652854,0.0890940242901118,0.1718878812860675,0.571,0.898,small_cross_domain_caution
movies_small,movies_small,bert4rec,D_Bert4Rec_plus_calibrated_relevance_plus_evidence_risk,0.5130030278089212,0.3575,0.086,0.484,0.3077817771214336,0.4609967784911498,0.0550891977894049,0.1052143446001647,0.571,0.898,small_cross_domain_caution
movies_small,movies_small,bert4rec,C_Bert4Rec_plus_evidence_risk,0.4954288226030517,0.3352666666666666,0.072,0.438,0.2728064464857183,0.4398605014142002,0.0189444714090497,0.0364798021434459,0.571,0.898,small_cross_domain_caution
movies_small,movies_small,bert4rec,D_Bert4Rec_plus_calibrated_relevance_plus_evidence_risk,0.5735379966186757,0.4371666666666667,0.192,0.56,0.3995673556428624,0.5265186479204167,0.1795909808538904,0.3515045342126958,0.571,0.898,small_cross_domain_caution
movies_small,movies_small,bert4rec,D_Bert4Rec_plus_calibrated_relevance_plus_evidence_risk,0.5292921874304816,0.3791,0.116,0.504,0.3330436366285765,0.4751486949900623,0.0885909812607048,0.1719909315746085,0.571,0.898,small_cross_domain_caution
movies_small,movies_small,bert4rec,D_Bert4Rec_plus_calibrated_relevance_plus_evidence_risk,0.5099720986354215,0.3537666666666667,0.086,0.482,0.3046869010642903,0.4558286061950021,0.0488555101562485,0.0936727122835943,0.571,0.898,small_cross_domain_caution
movies_small,movies_small,bert4rec,C_Bert4Rec_plus_evidence_risk,0.4944859139435356,0.3342,0.072,0.432,0.2700683059928611,0.4389175927546841,0.0170051987591268,0.03318219291014,0.571,0.898,small_cross_domain_caution
movies_small,movies_small,bert4rec,D_Bert4Rec_plus_calibrated_relevance_plus_evidence_risk,0.5746232358537827,0.4391333333333333,0.204,0.538,0.3919487605714332,0.5247542296586597,0.1818229836529171,0.3575845012366033,0.571,0.898,small_cross_domain_caution
movies_small,movies_small,bert4rec,D_Bert4Rec_plus_calibrated_relevance_plus_evidence_risk,0.5283523943225684,0.3781666666666667,0.118,0.484,0.3243054961357194,0.4749213162563651,0.0866581163406845,0.1691055234954658,0.571,0.898,small_cross_domain_caution
movies_small,movies_small,bert4rec,D_Bert4Rec_plus_calibrated_relevance_plus_evidence_risk,0.5075057367753915,0.3511333333333333,0.092,0.456,0.292592025007147,0.4554994874576202,0.0437829635721244,0.0855317394888705,0.571,0.898,small_cross_domain_caution
movies_small,movies_small,bert4rec,C_Bert4Rec_plus_evidence_risk,0.4975319468606261,0.3386666666666666,0.082,0.404,0.2621157440214328,0.4398263825491266,0.0232699501401463,0.0469909315746083,0.571,0.898,small_cross_domain_caution
movies_small,movies_small,bert4rec,D_Bert4Rec_plus_calibrated_relevance_plus_evidence_risk,0.5483548989218158,0.4052333333333333,0.17,0.484,0.3445445869785754,0.4942114064813964,0.1277971065363906,0.2527823577906017,0.571,0.898,small_cross_domain_caution
movies_small,movies_small,bert4rec,D_Bert4Rec_plus_calibrated_relevance_plus_evidence_risk,0.521364050131908,0.3704333333333333,0.134,0.414,0.2897115704285749,0.4679329720657046,0.0722852450976194,0.1451978565539983,0.571,0.898,small_cross_domain_caution
movies_small,movies_small,bert4rec,D_Bert4Rec_plus_calibrated_relevance_plus_evidence_risk,0.5038092406283325,0.347,0.094,0.408,0.2701157440214328,0.446103676316833,0.0361804097020433,0.0727535037098102,0.571,0.898,small_cross_domain_caution
movies_small,movies_small,bert4rec,A_Bert4Rec_only,0.4862176855603787,0.3234666666666667,0.058,0.414,0.2548538845142899,0.426374878126231,0.0,0.0,0.571,0.898,small_cross_domain_caution
movies_small,movies_small,bert4rec,B_Bert4Rec_plus_calibrated_relevance,0.5685818860277657,0.4298333333333333,0.17,0.596,0.4089240912071487,0.5272618523232352,0.1693977880966218,0.3288334707337179,0.571,0.898,small_cross_domain_caution
movies_small,movies_small,bert4rec,B_Bert4Rec_plus_calibrated_relevance,0.5208319892850664,0.3675,0.094,0.51,0.3263529341642911,0.4731002262125913,0.0711909598368346,0.1361294311624072,0.571,0.898,small_cross_domain_caution
movies_small,movies_small,bert4rec,B_Bert4Rec_plus_calibrated_relevance,0.5100944253357258,0.3534666666666667,0.078,0.5,0.3117817771214336,0.4609378335148188,0.0491070984960748,0.0927452596867272,0.571,0.898,small_cross_domain_caution
movies_small,movies_small,bert4rec,C_Bert4Rec_plus_evidence_risk,0.4862176855603787,0.3234666666666667,0.058,0.414,0.2548538845142899,0.426374878126231,0.0,0.0,0.571,0.898,small_cross_domain_caution
movies_small,movies_small,bert4rec,D_Bert4Rec_plus_calibrated_relevance_plus_evidence_risk,0.5685818860277657,0.4298333333333333,0.17,0.596,0.4089240912071487,0.5272618523232352,0.1693977880966218,0.3288334707337179,0.571,0.898,small_cross_domain_caution
movies_small,movies_small,bert4rec,D_Bert4Rec_plus_calibrated_relevance_plus_evidence_risk,0.5208319892850664,0.3675,0.094,0.51,0.3263529341642911,0.4731002262125913,0.0711909598368346,0.1361294311624072,0.571,0.898,small_cross_domain_caution
movies_small,movies_small,bert4rec,D_Bert4Rec_plus_calibrated_relevance_plus_evidence_risk,0.5100944253357258,0.3534666666666667,0.078,0.5,0.3117817771214336,0.4609378335148188,0.0491070984960748,0.0927452596867272,0.571,0.898,small_cross_domain_caution
movies_small,movies_small,bert4rec,C_Bert4Rec_plus_evidence_risk,0.495340677050382,0.3352,0.074,0.434,0.2707590084571465,0.4404847702357466,0.0187631831604165,0.0362737015663645,0.571,0.898,small_cross_domain_caution
movies_small,movies_small,bert4rec,D_Bert4Rec_plus_calibrated_relevance_plus_evidence_risk,0.5749564240293306,0.4388,0.192,0.574,0.4063054961357195,0.5300743184537198,0.1825082490915114,0.3565539983511954,0.571,0.898,small_cross_domain_caution
movies_small,movies_small,bert4rec,D_Bert4Rec_plus_calibrated_relevance_plus_evidence_risk,0.5259337993778941,0.3745,0.108,0.5,0.3273054961357195,0.4753523788085549,0.0816838115868645,0.1577699917559768,0.571,0.898,small_cross_domain_caution
movies_small,movies_small,bert4rec,D_Bert4Rec_plus_calibrated_relevance_plus_evidence_risk,0.5116787940636349,0.3558,0.084,0.484,0.3067817771214337,0.4589601303716477,0.0523656569051197,0.0999587798845836,0.571,0.898,small_cross_domain_caution
movies_small,movies_small,bert4rec,C_Bert4Rec_plus_evidence_risk,0.4954545487216927,0.3352666666666666,0.072,0.44,0.2735445869785753,0.4405986419070573,0.018997382110172,0.0364798021434459,0.571,0.898,small_cross_domain_caution
movies_small,movies_small,bert4rec,D_Bert4Rec_plus_calibrated_relevance_plus_evidence_risk,0.5738271632933417,0.4374333333333333,0.19,0.566,0.4023529341642911,0.5268078145950829,0.1801857076259797,0.3523289365210222,0.571,0.898,small_cross_domain_caution
movies_small,movies_small,bert4rec,D_Bert4Rec_plus_calibrated_relevance_plus_evidence_risk,0.5244644976237498,0.3728666666666667,0.11,0.492,0.3232580581071478,0.4688961764348983,0.0786619104965106,0.1527205276174773,0.571,0.898,small_cross_domain_caution
movies_small,movies_small,bert4rec,D_Bert4Rec_plus_calibrated_relevance_plus_evidence_risk,0.5085453680747924,0.3519666666666667,0.086,0.474,0.2996394630357187,0.454401875634373,0.0459211648969133,0.0881079967023908,0.571,0.898,small_cross_domain_caution
movies_small,movies_small,bert4rec,C_Bert4Rec_plus_evidence_risk,0.4948260800003772,0.3345333333333333,0.07,0.44,0.2738538845142899,0.4392577588115258,0.0177048155500084,0.034212695795548,0.571,0.898,small_cross_domain_caution
movies_small,movies_small,bert4rec,D_Bert4Rec_plus_calibrated_relevance_plus_evidence_risk,0.5672001654419099,0.4291666666666667,0.186,0.542,0.3865199176142908,0.5151939161241387,0.1665560144900872,0.3267724649629019,0.571,0.898,small_cross_domain_caution
movies_small,movies_small,bert4rec,D_Bert4Rec_plus_calibrated_relevance_plus_evidence_risk,0.5204507781340485,0.3678333333333333,0.106,0.478,0.3142580581071478,0.4670197000678452,0.0704069259311602,0.1371599340478153,0.571,0.898,small_cross_domain_caution
movies_small,movies_small,bert4rec,D_Bert4Rec_plus_calibrated_relevance_plus_evidence_risk,0.5056966433269875,0.3487666666666666,0.088,0.456,0.2911157440214328,0.450840736512352,0.0400622156393976,0.0782151690024731,0.571,0.898,small_cross_domain_caution
movies_small,movies_small,bert4rec,C_Bert4Rec_plus_evidence_risk,0.4948716148664758,0.3350333333333333,0.076,0.408,0.2608538845142899,0.4378784649291923,0.0177984667425726,0.0357584501236601,0.571,0.898,small_cross_domain_caution
movies_small,movies_small,bert4rec,D_Bert4Rec_plus_calibrated_relevance_plus_evidence_risk,0.5485395348771502,0.4055333333333333,0.172,0.476,0.3410208679642895,0.4943960424367308,0.1281768458194685,0.2537098103874691,0.571,0.898,small_cross_domain_caution
movies_small,movies_small,bert4rec,D_Bert4Rec_plus_calibrated_relevance_plus_evidence_risk,0.5191353239368248,0.3671333333333333,0.122,0.432,0.2950683059928611,0.4635670027479734,0.0677014418727028,0.1349958779884584,0.571,0.898,small_cross_domain_caution
movies_small,movies_small,bert4rec,D_Bert4Rec_plus_calibrated_relevance_plus_evidence_risk,0.5017142931317702,0.344,0.086,0.408,0.2674250415571474,0.4468583863171347,0.0318717480495,0.0634789777411375,0.571,0.898,small_cross_domain_caution
books_small,books_small,sasrec,A_SASRec_only,0.6352361089386295,0.5140666666666666,0.226,0.7,0.5080398352285814,0.6302492083191171,0.0,0.0,0.444,0.97,small_cross_domain_caution
books_small,books_small,sasrec,B_SASRec_plus_calibrated_relevance,0.7446769527212589,0.6612333333333333,0.484,0.776,0.6533054961357195,0.7332783227338022,0.172283726070746,0.2862793412008821,0.444,0.97,small_cross_domain_caution
books_small,books_small,sasrec,B_SASRec_plus_calibrated_relevance,0.6436353820610916,0.5252,0.24,0.762,0.5455161162142957,0.6365112383189311,0.0132222853900668,0.0216573725846195,0.444,0.97,small_cross_domain_caution
books_small,books_small,sasrec,B_SASRec_plus_calibrated_relevance,0.6178169095179287,0.4906999999999999,0.188,0.754,0.5155161162142956,0.6121175945242003,-0.0274216140669416,-0.0454545454545453,0.444,0.97,small_cross_domain_caution
books_small,books_small,sasrec,C_SASRec_plus_evidence_risk,0.5488491582220942,0.4015,0.102,0.608,0.3869468598714357,0.5346008707377734,-0.135991876880036,-0.2189728958630525,0.444,0.97,small_cross_domain_caution
books_small,books_small,sasrec,C_SASRec_plus_evidence_risk,0.549711009389233,0.4026333333333333,0.102,0.61,0.3889942979000074,0.5347503075306961,-0.134635135418064,-0.2167682531448578,0.444,0.97,small_cross_domain_caution
books_small,books_small,sasrec,C_SASRec_plus_evidence_risk,0.55262697549015,0.4066333333333333,0.108,0.6,0.388041735928579,0.5376662736316132,-0.1300447696314133,-0.2089871611982879,0.444,0.97,small_cross_domain_caution
books_small,books_small,sasrec,C_SASRec_plus_evidence_risk,0.5627066040111774,0.4209666666666667,0.142,0.578,0.3911612813500069,0.539909344036264,-0.1141772388358659,-0.1811049150564126,0.444,0.97,small_cross_domain_caution
books_small,books_small,sasrec,D_SASRec_plus_calibrated_relevance_plus_evidence_risk,0.7340171174278244,0.6472,0.464,0.764,0.6380910746571483,0.7226184874403677,0.1555028234371642,0.2589806769549996,0.444,0.97,small_cross_domain_caution
books_small,books_small,sasrec,D_SASRec_plus_calibrated_relevance_plus_evidence_risk,0.7332223822951992,0.6462,0.462,0.754,0.6331385126857199,0.7211113379335266,0.1542517372324567,0.2570354039683571,0.444,0.97,small_cross_domain_caution
books_small,books_small,sasrec,D_SASRec_plus_calibrated_relevance_plus_evidence_risk,0.7301316178916427,0.6422666666666667,0.458,0.748,0.6281385126857199,0.7173081591557539,0.1493862008436002,0.2493839968875634,0.444,0.97,small_cross_domain_caution
books_small,books_small,sasrec,D_SASRec_plus_calibrated_relevance_plus_evidence_risk,0.7104153914896509,0.6166333333333333,0.43,0.72,0.5975199176142908,0.6933174465084658,0.1183485659790863,0.1995201659966282,0.444,0.97,small_cross_domain_caution
books_small,books_small,sasrec,D_SASRec_plus_calibrated_relevance_plus_evidence_risk,0.6348978181117512,0.5138333333333334,0.228,0.752,0.5329449591714381,0.6263488456211584,-0.0005325434466304,-0.0004538970302163,0.444,0.97,small_cross_domain_caution
books_small,books_small,sasrec,D_SASRec_plus_calibrated_relevance_plus_evidence_risk,0.6426128429334725,0.5243333333333332,0.248,0.746,0.5383738021285805,0.6326390416944477,0.0116125860779046,0.0199714693295292,0.444,0.97,small_cross_domain_caution
books_small,books_small,sasrec,D_SASRec_plus_calibrated_relevance_plus_evidence_risk,0.6461534771117755,0.5294666666666668,0.264,0.724,0.5327552070571514,0.637604504621183,0.017186315481006,0.0299572039942942,0.444,0.97,small_cross_domain_caution
books_small,books_small,sasrec,D_SASRec_plus_calibrated_relevance_plus_evidence_risk,0.6280449288863817,0.507,0.256,0.654,0.4877324383928644,0.6073849120341165,-0.0113204837556589,-0.0137465957722731,0.444,0.97,small_cross_domain_caution
books_small,books_small,sasrec,D_SASRec_plus_calibrated_relevance_plus_evidence_risk,0.6075328302962055,0.4776666666666666,0.18,0.726,0.4943738021285807,0.6011211009282611,-0.0436109947979993,-0.0708079367137853,0.444,0.97,small_cross_domain_caution
books_small,books_small,sasrec,D_SASRec_plus_calibrated_relevance_plus_evidence_risk,0.6063824948461753,0.4763333333333333,0.18,0.704,0.4838975211428665,0.5992583511040148,-0.0454218733577087,-0.0734016340293085,0.444,0.97,small_cross_domain_caution
books_small,books_small,sasrec,D_SASRec_plus_calibrated_relevance_plus_evidence_risk,0.5818634060989852,0.4445999999999999,0.146,0.648,0.4368026450857231,0.5690399473630964,-0.0840202596933931,-0.1351316301387627,0.444,0.97,small_cross_domain_caution
books_small,books_small,sasrec,D_SASRec_plus_calibrated_relevance_plus_evidence_risk,0.5833435659042664,0.4480333333333333,0.176,0.606,0.4232087193785786,0.5619711346777851,-0.0816901657575269,-0.1284528595512903,0.444,0.97,small_cross_domain_caution
books_small,books_small,sasrec,B_SASRec_plus_calibrated_relevance,0.7381553198599526,0.6524666666666668,0.468,0.77,0.6441385126857199,0.7274691042467121,0.1620172554316591,0.2692257813513167,0.444,0.97,small_cross_domain_caution
books_small,books_small,sasrec,B_SASRec_plus_calibrated_relevance,0.6411358617158317,0.5216666666666666,0.232,0.768,0.5450398352285816,0.6354365467221033,0.0092874959313312,0.0147840746984827,0.444,0.97,small_cross_domain_caution
books_small,books_small,sasrec,B_SASRec_plus_calibrated_relevance,0.6172777562430792,0.4900333333333333,0.188,0.75,0.5132542567071527,0.6115784412493509,-0.0282703587577154,-0.0467513941123069,0.444,0.97,small_cross_domain_caution
books_small,books_small,sasrec,C_SASRec_plus_evidence_risk,0.5491264519898007,0.4018333333333333,0.102,0.612,0.3889468598714357,0.5348781645054799,-0.1355553560906719,-0.2183244715341718,0.444,0.97,small_cross_domain_caution
books_small,books_small,sasrec,C_SASRec_plus_evidence_risk,0.5502702935251309,0.4033666666666666,0.102,0.608,0.3887798764214361,0.5353095916665939,-0.1337547003671782,-0.21534171962132,0.444,0.97,small_cross_domain_caution
books_small,books_small,sasrec,C_SASRec_plus_evidence_risk,0.5529248529740116,0.4069666666666666,0.108,0.6,0.388041735928579,0.5393889798639067,-0.1295758455893602,-0.2083387368694072,0.444,0.97,small_cross_domain_caution
books_small,books_small,sasrec,C_SASRec_plus_evidence_risk,0.559820109723288,0.4171333333333333,0.138,0.574,0.3861138433214353,0.5370228497483744,-0.1187212095693814,-0.1885617948385422,0.444,0.97,small_cross_domain_caution
books_small,books_small,sasrec,D_SASRec_plus_calibrated_relevance_plus_evidence_risk,0.7320135560742206,0.6444666666666667,0.458,0.762,0.6351385126857199,0.7206149260867638,0.152348781459054,0.253663597458177,0.444,0.97,small_cross_domain_caution
books_small,books_small,sasrec,D_SASRec_plus_calibrated_relevance_plus_evidence_risk,0.7278682309348846,0.6390666666666666,0.45,0.752,0.6271859507142915,0.7157571865732119,0.1458231367719752,0.2431591233303074,0.444,0.97,small_cross_domain_caution
books_small,books_small,sasrec,D_SASRec_plus_calibrated_relevance_plus_evidence_risk,0.7222676007287235,0.6318666666666667,0.444,0.746,0.619614793671434,0.7101565563670508,0.1370065249211175,0.2291531578264819,0.444,0.97,small_cross_domain_caution
books_small,books_small,sasrec,D_SASRec_plus_calibrated_relevance_plus_evidence_risk,0.6989875849842372,0.6015333333333333,0.41,0.698,0.5762580581071478,0.6840268831257003,0.1003587093815014,0.1701465438983271,0.444,0.97,small_cross_domain_caution
books_small,books_small,sasrec,D_SASRec_plus_calibrated_relevance_plus_evidence_risk,0.6365018239804573,0.5159666666666667,0.232,0.758,0.5371593806500093,0.6286652658640808,0.0019925111687095,0.0036960186746209,0.444,0.97,small_cross_domain_caution
books_small,books_small,sasrec,D_SASRec_plus_calibrated_relevance_plus_evidence_risk,0.6358922228541585,0.5152333333333333,0.23,0.744,0.5307305376928668,0.62663083598935,0.0010328662150916,0.002269485151083,0.444,0.97,small_cross_domain_caution
books_small,books_small,sasrec,D_SASRec_plus_calibrated_relevance_plus_evidence_risk,0.6363756251968044,0.5163333333333334,0.24,0.728,0.5251119426214377,0.6271142383319956,0.001793846795137,0.0044092854363899,0.444,0.97,small_cross_domain_caution
books_small,books_small,sasrec,D_SASRec_plus_calibrated_relevance_plus_evidence_risk,0.623605110329111,0.5012333333333333,0.25,0.65,0.4819468598714357,0.6036575078510619,-0.0183097252279185,-0.0249643366619114,0.444,0.97,small_cross_domain_caution
books_small,books_small,sasrec,D_SASRec_plus_calibrated_relevance_plus_evidence_risk,0.6067369599166992,0.4766666666666666,0.18,0.728,0.4945882236071519,0.5996128161745388,-0.0448638681285726,-0.0727532097004278,0.444,0.97,small_cross_domain_caution
books_small,books_small,sasrec,D_SASRec_plus_calibrated_relevance_plus_evidence_risk,0.5982402330094513,0.4657,0.168,0.692,0.4708500831142948,0.5911160892672908,-0.058239567002877,-0.0940863701206067,0.444,0.97,small_cross_domain_caution
books_small,books_small,sasrec,D_SASRec_plus_calibrated_relevance_plus_evidence_risk,0.5816127357567513,0.4444333333333333,0.15,0.644,0.4349696285357228,0.5702141057692945,-0.0844148694120578,-0.1354558423032031,0.444,0.97,small_cross_domain_caution
books_small,books_small,sasrec,D_SASRec_plus_calibrated_relevance_plus_evidence_risk,0.5780254325206703,0.4408999999999999,0.164,0.604,0.4169942979000073,0.5580778300426211,-0.0900620660773651,-0.1423291401893398,0.444,0.97,small_cross_domain_caution
books_small,books_small,gru4rec,A_GRU4Rec_only,0.5394444977258038,0.3901,0.104,0.478,0.3205901243071495,0.525196210241483,0.0,0.0,0.6363333333333333,0.98,small_cross_domain_caution
books_small,books_small,gru4rec,B_GRU4Rec_plus_calibrated_relevance,0.6826302939543514,0.5805,0.386,0.654,0.5427817771214336,0.6555585477341417,0.2654319338359958,0.4880799794924378,0.6363333333333333,0.98,small_cross_domain_caution
books_small,books_small,gru4rec,B_GRU4Rec_plus_calibrated_relevance,0.55453594197547,0.4104333333333333,0.132,0.562,0.3765901243071494,0.5260393670068281,0.0279758980085788,0.0521233871656839,0.6363333333333333,0.98,small_cross_domain_caution
books_small,books_small,gru4rec,B_GRU4Rec_plus_calibrated_relevance,0.5248329004995962,0.3714666666666667,0.088,0.52,0.3286147936714341,0.4984735686536026,-0.0270863773526421,-0.0477655302059299,0.6363333333333333,0.98,small_cross_domain_caution
books_small,books_small,gru4rec,C_GRU4Rec_plus_evidence_risk,0.479542755783424,0.3143,0.048,0.372,0.2262352894428607,0.4339482358335971,-0.1110433829521188,-0.1943091514996154,0.6363333333333333,0.98,small_cross_domain_caution
books_small,books_small,gru4rec,C_GRU4Rec_plus_evidence_risk,0.4791020399193217,0.3137,0.046,0.37,0.2250208679642895,0.4335075199694949,-0.1118603638759399,-0.1958472186618814,0.6363333333333333,0.98,small_cross_domain_caution
books_small,books_small,gru4rec,C_GRU4Rec_plus_evidence_risk,0.4850124121129223,0.3214666666666667,0.054,0.372,0.2318538845142899,0.4387054777888794,-0.1009039592439201,-0.1759377937281039,0.6363333333333333,0.98,small_cross_domain_caution
books_small,books_small,gru4rec,C_GRU4Rec_plus_evidence_risk,0.4994674637832106,0.3410666666666667,0.088,0.386,0.2540208679642895,0.4488860432138715,-0.0741077795975839,-0.1256942664274116,0.6363333333333333,0.98,small_cross_domain_caution
books_small,books_small,gru4rec,D_GRU4Rec_plus_calibrated_relevance_plus_evidence_risk,0.6576938651251371,0.5481333333333335,0.35,0.616,0.5034250415571474,0.6263476326596312,0.2192058087492786,0.405109800905751,0.6363333333333333,0.98,small_cross_domain_caution
books_small,books_small,gru4rec,D_GRU4Rec_plus_calibrated_relevance_plus_evidence_risk,0.6678207641407169,0.5617666666666666,0.374,0.624,0.5173301655000041,0.6336248741783467,0.2379786372020164,0.4400581047594633,0.6363333333333333,0.98,small_cross_domain_caution
books_small,books_small,gru4rec,D_GRU4Rec_plus_calibrated_relevance_plus_evidence_risk,0.6673357187465403,0.5612999999999999,0.376,0.622,0.5165445869785753,0.6317150000357381,0.2370794800204686,0.4388618302999229,0.6363333333333333,0.98,small_cross_domain_caution
books_small,books_small,gru4rec,D_GRU4Rec_plus_calibrated_relevance_plus_evidence_risk,0.6526150973169502,0.5418333333333334,0.346,0.6,0.4929013225428615,0.617706792980364,0.2097909980883154,0.3889600957019569,0.6363333333333333,0.98,small_cross_domain_caution
books_small,books_small,gru4rec,D_GRU4Rec_plus_calibrated_relevance_plus_evidence_risk,0.5489413936940473,0.4034333333333333,0.128,0.55,0.3670189672642919,0.5147455037316772,0.0176049547419253,0.0341792702725796,0.6363333333333333,0.98,small_cross_domain_caution
books_small,books_small,gru4rec,D_GRU4Rec_plus_calibrated_relevance_plus_evidence_risk,0.5501782357178574,0.4054666666666667,0.138,0.532,0.3609240912071486,0.5131326882586231,0.0198977615626908,0.0393916089891481,0.6363333333333333,0.98,small_cross_domain_caution
books_small,books_small,gru4rec,D_GRU4Rec_plus_calibrated_relevance_plus_evidence_risk,0.5497555180156627,0.4053,0.146,0.508,0.3503054961357195,0.5141347993048605,0.0191141448903977,0.0389643681107408,0.6363333333333333,0.98,small_cross_domain_caution
books_small,books_small,gru4rec,D_GRU4Rec_plus_calibrated_relevance_plus_evidence_risk,0.5549405910527294,0.414,0.188,0.47,0.3436641324000032,0.5093460711029024,0.0287260198078842,0.061266341963599,0.6363333333333333,0.98,small_cross_domain_caution
books_small,books_small,gru4rec,D_GRU4Rec_plus_calibrated_relevance_plus_evidence_risk,0.5151504362021717,0.3592,0.076,0.488,0.3068766531785769,0.4809545462398016,-0.045035331023027,-0.0792104588567033,0.6363333333333333,0.98,small_cross_domain_caution
books_small,books_small,gru4rec,D_GRU4Rec_plus_calibrated_relevance_plus_evidence_risk,0.5139424160613777,0.3579,0.076,0.47,0.2989240912071486,0.4761844542279273,-0.0472747090237051,-0.0825429377082799,0.6363333333333333,0.98,small_cross_domain_caution
books_small,books_small,gru4rec,D_GRU4Rec_plus_calibrated_relevance_plus_evidence_risk,0.5072629644477628,0.35,0.08,0.44,0.281734339092862,0.4659429307432322,-0.0596568014201875,-0.1027941553447834,0.6363333333333333,0.98,small_cross_domain_caution
books_small,books_small,gru4rec,D_GRU4Rec_plus_calibrated_relevance_plus_evidence_risk,0.5106494835882103,0.3555666666666667,0.104,0.416,0.2775445869785753,0.458643234270439,-0.0533790116666087,-0.0885243100059813,0.6363333333333333,0.98,small_cross_domain_caution
books_small,books_small,gru4rec,B_GRU4Rec_plus_calibrated_relevance,0.6998389823807087,0.6032000000000001,0.416,0.686,0.5740436366285766,0.6706299930378511,0.2973326919286373,0.5462701871315049,0.6363333333333333,0.98,small_cross_domain_caution
books_small,books_small,gru4rec,B_GRU4Rec_plus_calibrated_relevance,0.5489668710855921,0.403,0.12,0.556,0.3683757028285782,0.5211827104911664,0.0176521836814218,0.0330684439887209,0.6363333333333333,0.98,small_cross_domain_caution
books_small,books_small,gru4rec,B_GRU4Rec_plus_calibrated_relevance,0.5222973085783507,0.3682,0.086,0.518,0.3253054961357194,0.495937976732357,-0.0317867532614429,-0.056139451422712,0.6363333333333333,0.98,small_cross_domain_caution
books_small,books_small,gru4rec,C_GRU4Rec_plus_evidence_risk,0.4794195431601342,0.3141333333333333,0.048,0.374,0.2269734299357178,0.4338250232103074,-0.1112717894402917,-0.1947363923780227,0.6363333333333333,0.98,small_cross_domain_caution
books_small,books_small,gru4rec,C_GRU4Rec_plus_evidence_risk,0.4793318956584566,0.3140333333333333,0.048,0.374,0.2269734299357178,0.4337373757086297,-0.1114342667702991,-0.1949927369050672,0.6363333333333333,0.98,small_cross_domain_caution
books_small,books_small,gru4rec,C_GRU4Rec_plus_evidence_risk,0.4853654804753468,0.3219666666666667,0.056,0.374,0.2330683059928611,0.4390585461513039,-0.1002494556501066,-0.1746560710928821,0.6363333333333333,0.98,small_cross_domain_caution
books_small,books_small,gru4rec,C_GRU4Rec_plus_evidence_risk,0.4972266860432147,0.3380333333333333,0.082,0.386,0.2518064464857182,0.4473576798480916,-0.0782616411152054,-0.1334700504144236,0.6363333333333333,0.98,small_cross_domain_caution
books_small,books_small,gru4rec,D_GRU4Rec_plus_calibrated_relevance_plus_evidence_risk,0.6932308480516526,0.5949333333333334,0.412,0.674,0.5636869010642903,0.6597473724634986,0.2850828045780112,0.5250790395625056,0.6363333333333333,0.98,small_cross_domain_caution
books_small,books_small,gru4rec,D_GRU4Rec_plus_calibrated_relevance_plus_evidence_risk,0.6855975011114346,0.585,0.4,0.656,0.5486869010642904,0.6506891967748484,0.2709324202986298,0.4996154832094334,0.6363333333333333,0.98,small_cross_domain_caution
books_small,books_small,gru4rec,D_GRU4Rec_plus_calibrated_relevance_plus_evidence_risk,0.6769320968039413,0.574,0.394,0.634,0.5312827274714325,0.640598963718923,0.2548688505634207,0.4714175852345551,0.6363333333333333,0.98,small_cross_domain_caution
books_small,books_small,gru4rec,D_GRU4Rec_plus_calibrated_relevance_plus_evidence_risk,0.6465493723095196,0.5341333333333335,0.342,0.578,0.4775445869785754,0.6095038248502852,0.1985466068061676,0.3692215671195423,0.6363333333333333,0.98,small_cross_domain_caution
books_small,books_small,gru4rec,D_GRU4Rec_plus_calibrated_relevance_plus_evidence_risk,0.5444496784477696,0.3974333333333333,0.118,0.546,0.3608045457857207,0.5102537884853994,0.009278397950237,0.0187985986499188,0.6363333333333333,0.98,small_cross_domain_caution
books_small,books_small,gru4rec,D_GRU4Rec_plus_calibrated_relevance_plus_evidence_risk,0.5436219350417707,0.3968,0.126,0.526,0.3519240912071486,0.5080012163309685,0.0077439613038563,0.0171750833119712,0.6363333333333333,0.98,small_cross_domain_caution
books_small,books_small,gru4rec,D_GRU4Rec_plus_calibrated_relevance_plus_evidence_risk,0.5449899382634907,0.3989666666666667,0.136,0.508,0.3458292151500053,0.5100816339269045,0.0102799093531687,0.0227292147312655,0.6363333333333333,0.98,small_cross_domain_caution
books_small,books_small,gru4rec,D_GRU4Rec_plus_calibrated_relevance_plus_evidence_risk,0.5626725610947533,0.4238,0.194,0.492,0.3600208679642895,0.5177904555191425,0.0430592275329057,0.0863881056139451,0.6363333333333333,0.98,small_cross_domain_caution
books_small,books_small,gru4rec,D_GRU4Rec_plus_calibrated_relevance_plus_evidence_risk,0.5138467861730408,0.3575,0.074,0.484,0.3038766531785769,0.4803633105848866,-0.0474519837734524,-0.0835683158164573,0.6363333333333333,0.98,small_cross_domain_caution
books_small,books_small,gru4rec,D_GRU4Rec_plus_calibrated_relevance_plus_evidence_risk,0.5084681153803853,0.3507,0.068,0.468,0.292614793671434,0.4714225679211509,-0.0574227422394873,-0.1009997436554727,0.6363333333333333,0.98,small_cross_domain_caution
books_small,books_small,gru4rec,D_GRU4Rec_plus_calibrated_relevance_plus_evidence_risk,0.5045440039098557,0.3465,0.076,0.428,0.2739961986000049,0.462511555831109,-0.0646970985209452,-0.1117662137913356,0.6363333333333333,0.98,small_cross_domain_caution
books_small,books_small,gru4rec,D_GRU4Rec_plus_calibrated_relevance_plus_evidence_risk,0.5107168751901534,0.3555333333333333,0.102,0.414,0.2763301655000041,0.4615602833692463,-0.0532540838895579,-0.0886097581816628,0.6363333333333333,0.98,small_cross_domain_caution
books_small,books_small,bert4rec,A_Bert4Rec_only,0.5373800895836719,0.3875333333333333,0.102,0.472,0.3165901243071494,0.521706973350919,0.0,0.0,0.6363333333333333,0.98,small_cross_domain_caution
books_small,books_small,bert4rec,B_Bert4Rec_plus_calibrated_relevance,0.6605229294690758,0.5512333333333334,0.34,0.626,0.5094478102214345,0.6298891113777859,0.2291540797144292,0.4224152761052813,0.6363333333333333,0.98,small_cross_domain_caution
books_small,books_small,bert4rec,B_Bert4Rec_plus_calibrated_relevance,0.5482689316624594,0.4024,0.124,0.55,0.3660664052928636,0.5183475279453855,0.0202628312619908,0.0383622914157921,0.6363333333333333,0.98,small_cross_domain_caution
books_small,books_small,bert4rec,B_Bert4Rec_plus_calibrated_relevance,0.5276552960248225,0.3755666666666666,0.096,0.508,0.3276622317000057,0.4963090635593166,-0.0180966763513391,-0.0308790641665233,0.6363333333333333,0.98,small_cross_domain_caution
books_small,books_small,bert4rec,C_Bert4Rec_plus_evidence_risk,0.4827446254591254,0.3186666666666666,0.052,0.396,0.2418064464857182,0.4328756192640023,-0.101670056601603,-0.1777051436435576,0.6363333333333333,0.98,small_cross_domain_caution
books_small,books_small,bert4rec,C_Bert4Rec_plus_evidence_risk,0.4839775967498629,0.3204666666666667,0.058,0.386,0.2387590084571466,0.434821004928956,-0.0993756446674118,-0.173060381902632,0.6363333333333333,0.98,small_cross_domain_caution
books_small,books_small,bert4rec,C_Bert4Rec_plus_evidence_risk,0.4855091208631311,0.3226666666666667,0.062,0.376,0.2365445869785753,0.4349277002937919,-0.0965256616796635,-0.1673834508859452,0.6363333333333333,0.98,small_cross_domain_caution
books_small,books_small,bert4rec,C_Bert4Rec_plus_evidence_risk,0.4980342703975557,0.3395,0.086,0.382,0.2528538845142899,0.4396162917118401,-0.0732178581766935,-0.1239463271976603,0.6363333333333333,0.98,small_cross_domain_caution
books_small,books_small,bert4rec,D_Bert4Rec_plus_calibrated_relevance_plus_evidence_risk,0.6447602075412292,0.5311333333333333,0.324,0.598,0.4837817771214336,0.608427074456211,0.1998215416591795,0.3705487699982797,0.6363333333333333,0.98,small_cross_domain_caution
books_small,books_small,bert4rec,D_Bert4Rec_plus_calibrated_relevance_plus_evidence_risk,0.6562612030871134,0.5468333333333334,0.356,0.6,0.4968538845142899,0.617790826879447,0.2212235172232434,0.4110614140719079,0.6363333333333333,0.98,small_cross_domain_caution
books_small,books_small,bert4rec,D_Bert4Rec_plus_calibrated_relevance_plus_evidence_risk,0.6563023550629364,0.5471333333333334,0.36,0.6,0.4978064464857182,0.6164071501068379,0.2213000961226494,0.4118355410287287,0.6363333333333333,0.98,small_cross_domain_caution
books_small,books_small,bert4rec,D_Bert4Rec_plus_calibrated_relevance_plus_evidence_risk,0.6420839193756547,0.5281333333333333,0.328,0.596,0.4821631820500044,0.6007638856711242,0.1948412898458904,0.3628075004300705,0.6363333333333333,0.98,small_cross_domain_caution
books_small,books_small,bert4rec,D_Bert4Rec_plus_calibrated_relevance_plus_evidence_risk,0.5474903239692189,0.4020666666666667,0.134,0.536,0.3611859507142915,0.5104447765099847,0.0188139355765484,0.0375021503526578,0.6363333333333333,0.98,small_cross_domain_caution
books_small,books_small,bert4rec,D_Bert4Rec_plus_calibrated_relevance_plus_evidence_risk,0.5497838128817882,0.4054666666666667,0.144,0.516,0.3554003721928628,0.5106010222999057,0.0230818438169638,0.0462755891966283,0.6363333333333333,0.98,small_cross_domain_caution
books_small,books_small,bert4rec,D_Bert4Rec_plus_calibrated_relevance_plus_evidence_risk,0.5471117316690881,0.4022666666666666,0.146,0.506,0.3490436366285765,0.5057916979645576,0.018109420639227,0.0380182349905384,0.6363333333333333,0.98,small_cross_domain_caution
books_small,books_small,bert4rec,D_Bert4Rec_plus_calibrated_relevance_plus_evidence_risk,0.5423713885864597,0.3972,0.152,0.47,0.3329961986000049,0.4889403105202564,0.0092882097783986,0.0249440908308962,0.6363333333333333,0.98,small_cross_domain_caution
books_small,books_small,bert4rec,D_Bert4Rec_plus_calibrated_relevance_plus_evidence_risk,0.51987254203108,0.3658333333333333,0.088,0.496,0.3171385126857199,0.4806897514491975,-0.0325794496148073,-0.0559951832100464,0.6363333333333333,0.98,small_cross_domain_caution
books_small,books_small,bert4rec,D_Bert4Rec_plus_calibrated_relevance_plus_evidence_risk,0.5205091818105779,0.3666666666666667,0.088,0.496,0.3179240912071486,0.4806139768544795,-0.0313947392173842,-0.0538448305522105,0.6363333333333333,0.98,small_cross_domain_caution
books_small,books_small,bert4rec,D_Bert4Rec_plus_calibrated_relevance_plus_evidence_risk,0.5065836665788432,0.3492999999999999,0.078,0.448,0.2863054961357195,0.4595643178805844,-0.0573084556011142,-0.0986581799415105,0.6363333333333333,0.98,small_cross_domain_caution
books_small,books_small,bert4rec,D_Bert4Rec_plus_calibrated_relevance_plus_evidence_risk,0.5095264850451013,0.3545,0.104,0.41,0.2761157440214328,0.4503960919851696,-0.0518322228129995,-0.0852399793566145,0.6363333333333333,0.98,small_cross_domain_caution
books_small,books_small,bert4rec,B_Bert4Rec_plus_calibrated_relevance,0.683410270165082,0.5815666666666666,0.386,0.66,0.5468292151500054,0.6534888664480082,0.2717446801844577,0.5006881128505072,0.6363333333333333,0.98,small_cross_domain_caution
books_small,books_small,bert4rec,B_Bert4Rec_plus_calibrated_relevance,0.5447814079125692,0.3978333333333333,0.118,0.546,0.3610664052928636,0.5134351754470633,0.0137729671648821,0.0265783588508514,0.6363333333333333,0.98,small_cross_domain_caution
books_small,books_small,bert4rec,B_Bert4Rec_plus_calibrated_relevance,0.5264810840193572,0.374,0.094,0.508,0.3264003721928628,0.4951348515538514,-0.0202817442915656,-0.0349217271632547,0.6363333333333333,0.98,small_cross_domain_caution
books_small,books_small,bert4rec,C_Bert4Rec_plus_evidence_risk,0.4822931196859537,0.3181,0.052,0.392,0.2395445869785753,0.4324241134908306,-0.1025102547814826,-0.1791673834508858,0.6363333333333333,0.98,small_cross_domain_caution
books_small,books_small,bert4rec,C_Bert4Rec_plus_evidence_risk,0.4843271037586836,0.3208999999999999,0.058,0.386,0.2390208679642895,0.4351705119377766,-0.0987252539745013,-0.1719421985205574,0.6363333333333333,0.98,small_cross_domain_caution
books_small,books_small,bert4rec,C_Bert4Rec_plus_evidence_risk,0.4852745685235113,0.3222666666666666,0.06,0.382,0.2388064464857182,0.4346931479541722,-0.0969621354980394,-0.1684156201617065,0.6363333333333333,0.98,small_cross_domain_caution
books_small,books_small,bert4rec,C_Bert4Rec_plus_evidence_risk,0.4932718075472626,0.333,0.074,0.388,0.2503776035285757,0.4362786576099791,-0.0820802312764911,-0.1407190779287803,0.6363333333333333,0.98,small_cross_domain_caution
books_small,books_small,bert4rec,D_Bert4Rec_plus_calibrated_relevance_plus_evidence_risk,0.6822258293375767,0.5806333333333333,0.396,0.656,0.5456394630357186,0.6466051106267746,0.2695405776312295,0.4982797178737312,0.6363333333333333,0.98,small_cross_domain_caution
books_small,books_small,bert4rec,D_Bert4Rec_plus_calibrated_relevance_plus_evidence_risk,0.6767928649731898,0.5738333333333333,0.392,0.636,0.532592025007147,0.6397473175139555,0.259430481500582,0.4807328401857904,0.6363333333333333,0.98,small_cross_domain_caution
books_small,books_small,bert4rec,D_Bert4Rec_plus_calibrated_relevance_plus_evidence_risk,0.6619460390571174,0.5544333333333333,0.366,0.618,0.5113776035285758,0.6220508341010188,0.2318023162524523,0.430672630311371,0.6363333333333333,0.98,small_cross_domain_caution
books_small,books_small,bert4rec,D_Bert4Rec_plus_calibrated_relevance_plus_evidence_risk,0.6365916976750033,0.5211333333333333,0.322,0.582,0.4713776035285758,0.5938468352220408,0.184620922908019,0.3447445381042491,0.6363333333333333,0.98,small_cross_domain_caution
books_small,books_small,bert4rec,D_Bert4Rec_plus_calibrated_relevance_plus_evidence_risk,0.5424491635900144,0.3954,0.124,0.53,0.3537096697285774,0.504691201756564,0.0094329397471158,0.0202993290899706,0.6363333333333333,0.98,small_cross_domain_caution
books_small,books_small,bert4rec,D_Bert4Rec_plus_calibrated_relevance_plus_evidence_risk,0.5438466851709234,0.3974666666666667,0.13,0.52,0.3511859507142915,0.5046638945890408,0.0120335600678123,0.0256322036814037,0.6363333333333333,0.98,small_cross_domain_caution
books_small,books_small,bert4rec,D_Bert4Rec_plus_calibrated_relevance_plus_evidence_risk,0.5414915293052431,0.3947,0.132,0.504,0.3426147936714341,0.5015963243491446,0.0076508970117529,0.0184930328573885,0.6363333333333333,0.98,small_cross_domain_caution
books_small,books_small,bert4rec,D_Bert4Rec_plus_calibrated_relevance_plus_evidence_risk,0.5526130387400294,0.4104666666666667,0.164,0.49,0.3516147936714341,0.4998943750480421,0.0283466943633119,0.0591777051436436,0.6363333333333333,0.98,small_cross_domain_caution
books_small,books_small,bert4rec,D_Bert4Rec_plus_calibrated_relevance_plus_evidence_risk,0.5189349162692232,0.3645333333333333,0.086,0.496,0.3158766531785769,0.4804645400615567,-0.0343242588848777,-0.0593497333562704,0.6363333333333333,0.98,small_cross_domain_caution
books_small,books_small,bert4rec,D_Bert4Rec_plus_calibrated_relevance_plus_evidence_risk,0.5125531369780704,0.3562666666666667,0.076,0.48,0.3031385126857199,0.4719455176477559,-0.0461999859816836,-0.0806812317220024,0.6363333333333333,0.98,small_cross_domain_caution
books_small,books_small,bert4rec,D_Bert4Rec_plus_calibrated_relevance_plus_evidence_risk,0.5041218689475941,0.3460666666666667,0.074,0.446,0.2830436366285765,0.4563901058751191,-0.0618895662134488,-0.1070015482539136,0.6363333333333333,0.98,small_cross_domain_caution
books_small,books_small,bert4rec,D_Bert4Rec_plus_calibrated_relevance_plus_evidence_risk,0.5059485260583511,0.3495666666666667,0.094,0.414,0.2739013225428616,0.4489553761210675,-0.0584903760570512,-0.0979700670910028,0.6363333333333333,0.98,small_cross_domain_caution
electronics_small,electronics_small,sasrec,A_SASRec_only,0.6496874422702644,0.5329333333333334,0.242,0.74,0.5410151658642968,0.641850884153888,0.0,0.0,0.48133333333333334,0.948,small_cross_domain_caution
electronics_small,electronics_small,sasrec,B_SASRec_plus_calibrated_relevance,0.6818368502783674,0.5786666666666668,0.372,0.682,0.5524003721928628,0.6647389052971824,0.0494844226875622,0.085814360770578,0.48133333333333334,0.948,small_cross_domain_caution
electronics_small,electronics_small,sasrec,B_SASRec_plus_calibrated_relevance,0.6108415563944334,0.4829000000000001,0.2,0.69,0.4837552070571514,0.5973056832843285,-0.059791652644675,-0.0938829121841379,0.48133333333333334,0.948,small_cross_domain_caution
electronics_small,electronics_small,sasrec,B_SASRec_plus_calibrated_relevance,0.5916173029659967,0.4571666666666666,0.16,0.68,0.4595407855785802,0.5809310873527561,-0.0893816557410248,-0.1421691268451339,0.48133333333333334,0.948,small_cross_domain_caution
electronics_small,electronics_small,sasrec,C_SASRec_plus_evidence_risk,0.559811668025216,0.416,0.118,0.612,0.4003510334642935,0.5484130380377594,-0.1383369423472108,-0.2194145609206906,0.48133333333333334,0.948,small_cross_domain_caution
electronics_small,electronics_small,sasrec,C_SASRec_plus_evidence_risk,0.5593648517994239,0.4155,0.118,0.612,0.4003510334642935,0.545828978689319,-0.1390246826308013,-0.2203527645734301,0.48133333333333334,0.948,small_cross_domain_caution
electronics_small,electronics_small,sasrec,C_SASRec_plus_evidence_risk,0.5583782508057225,0.4146,0.122,0.59,0.3908273144500077,0.5441299633214016,-0.1405432605338216,-0.2220415311483612,0.48133333333333334,0.948,small_cross_domain_caution
electronics_small,electronics_small,sasrec,C_SASRec_plus_evidence_risk,0.5679365769824162,0.4274333333333334,0.142,0.596,0.4035654549428648,0.5508386320012312,-0.1258310688631728,-0.197960970728046,0.48133333333333334,0.948,small_cross_domain_caution
electronics_small,electronics_small,sasrec,D_SASRec_plus_calibrated_relevance_plus_evidence_risk,0.6750470196081786,0.5698333333333333,0.364,0.688,0.5487817771214336,0.6572366602527775,0.0390335039404452,0.069239429572179,0.48133333333333334,0.948,small_cross_domain_caution
electronics_small,electronics_small,sasrec,D_SASRec_plus_calibrated_relevance_plus_evidence_risk,0.6733413357384362,0.5674333333333332,0.358,0.686,0.5458292151500054,0.6569558051314673,0.0364081124694603,0.064736052039029,0.48133333333333334,0.948,small_cross_domain_caution
electronics_small,electronics_small,sasrec,D_SASRec_plus_calibrated_relevance_plus_evidence_risk,0.6691512366173008,0.5619333333333334,0.35,0.68,0.5393529341642911,0.6513408772618998,0.0299587048797221,0.0544158118588942,0.48133333333333334,0.948,small_cross_domain_caution
electronics_small,electronics_small,sasrec,D_SASRec_plus_calibrated_relevance_plus_evidence_risk,0.6529726027439042,0.5404666666666667,0.314,0.676,0.522757107757149,0.6301753427689907,0.0050565245068615,0.0141356017012758,0.48133333333333334,0.948,small_cross_domain_caution
electronics_small,electronics_small,sasrec,D_SASRec_plus_calibrated_relevance_plus_evidence_risk,0.6072275258316975,0.4782333333333333,0.196,0.686,0.4787077690285798,0.5944040670958087,-0.0653543745438502,-0.1026394796097073,0.48133333333333334,0.948,small_cross_domain_caution
electronics_small,electronics_small,sasrec,D_SASRec_plus_calibrated_relevance_plus_evidence_risk,0.6059398081141218,0.4765,0.192,0.69,0.4794933475500085,0.5931163493782331,-0.0673364318129208,-0.1058919189392045,0.48133333333333334,0.948,small_cross_domain_caution
electronics_small,electronics_small,sasrec,D_SASRec_plus_calibrated_relevance_plus_evidence_risk,0.6029800175872279,0.4726,0.188,0.69,0.4764459095214369,0.5901565588513391,-0.0718921463524404,-0.1132099074305729,0.48133333333333334,0.948,small_cross_domain_caution
electronics_small,electronics_small,sasrec,D_SASRec_plus_calibrated_relevance_plus_evidence_risk,0.6143653083884715,0.4893666666666666,0.242,0.634,0.4662808267714349,0.5951301202846382,-0.0543678876697438,-0.0817488116087065,0.48133333333333334,0.948,small_cross_domain_caution
electronics_small,electronics_small,sasrec,D_SASRec_plus_calibrated_relevance_plus_evidence_risk,0.5873599473151746,0.4517666666666666,0.156,0.682,0.4572314880428657,0.5752489029535017,-0.0959345846939767,-0.1523017262947211,0.48133333333333334,0.948,small_cross_domain_caution
electronics_small,electronics_small,sasrec,D_SASRec_plus_calibrated_relevance_plus_evidence_risk,0.5867057072793326,0.451,0.156,0.678,0.4552314880428656,0.5753070772918759,-0.0969415920536324,-0.1537403052289217,0.48133333333333334,0.948,small_cross_domain_caution
electronics_small,electronics_small,sasrec,D_SASRec_plus_calibrated_relevance_plus_evidence_risk,0.580768788802508,0.4437,0.156,0.642,0.4343510334642935,0.5679453300666194,-0.1060797069232666,-0.1674380785589193,0.48133333333333334,0.948,small_cross_domain_caution
electronics_small,electronics_small,sasrec,D_SASRec_plus_calibrated_relevance_plus_evidence_risk,0.5826143248921279,0.4468999999999999,0.172,0.614,0.4257324383928644,0.5655163799109427,-0.1032390546810579,-0.1614335751813861,0.48133333333333334,0.948,small_cross_domain_caution
electronics_small,electronics_small,sasrec,B_SASRec_plus_calibrated_relevance,0.6670142314347024,0.5587666666666667,0.338,0.676,0.534757107757149,0.6506287008277334,0.026669422921107,0.0484738553915437,0.48133333333333334,0.948,small_cross_domain_caution
electronics_small,electronics_small,sasrec,B_SASRec_plus_calibrated_relevance,0.6071255806666136,0.4778333333333333,0.19,0.69,0.4798026450857231,0.5943021219307247,-0.0655112887128045,-0.1033900425318989,0.48133333333333334,0.948,small_cross_domain_caution
electronics_small,electronics_small,sasrec,B_SASRec_plus_calibrated_relevance,0.5911275680244408,0.4566333333333333,0.162,0.674,0.4564933475500086,0.5811537667854161,-0.0901354565838495,-0.1431698774080561,0.48133333333333334,0.948,small_cross_domain_caution
electronics_small,electronics_small,sasrec,C_SASRec_plus_evidence_risk,0.5594988091358976,0.4156,0.118,0.61,0.3990891739571507,0.5481001791484409,-0.1388184952739923,-0.2201651238428821,0.48133333333333334,0.948,small_cross_domain_caution
electronics_small,electronics_small,sasrec,C_SASRec_plus_evidence_risk,0.5605658729214202,0.4170333333333333,0.12,0.614,0.4020891739571507,0.5477424141855315,-0.1371760689069473,-0.2174756067050288,0.48133333333333334,0.948,small_cross_domain_caution
electronics_small,electronics_small,sasrec,C_SASRec_plus_evidence_risk,0.5592163645623236,0.4155666666666666,0.122,0.594,0.3928273144500077,0.5463929058264347,-0.1392532344350064,-0.220227670753065,0.48133333333333334,0.948,small_cross_domain_caution
electronics_small,electronics_small,sasrec,C_SASRec_plus_evidence_risk,0.5658974505072004,0.4246333333333333,0.136,0.596,0.4013510334642936,0.5487995055260154,-0.1289696957513426,-0.2032149111833876,0.48133333333333334,0.948,small_cross_domain_caution
electronics_small,electronics_small,sasrec,D_SASRec_plus_calibrated_relevance_plus_evidence_risk,0.6686398433650813,0.5611333333333334,0.348,0.684,0.5400910746571482,0.6522543127581123,0.0291715675288254,0.0529146860145108,0.48133333333333334,0.948,small_cross_domain_caution
electronics_small,electronics_small,sasrec,D_SASRec_plus_calibrated_relevance_plus_evidence_risk,0.6674867131267631,0.5595333333333333,0.344,0.684,0.5388766531785769,0.6518135968940101,0.0273966675333926,0.0499124343257442,0.48133333333333334,0.948,small_cross_domain_caution
electronics_small,electronics_small,sasrec,D_SASRec_plus_calibrated_relevance_plus_evidence_risk,0.6681621586181621,0.5606333333333333,0.348,0.676,0.536614793671434,0.6496393848885449,0.0284363143657813,0.0519764823617712,0.48133333333333334,0.948,small_cross_domain_caution
electronics_small,electronics_small,sasrec,D_SASRec_plus_calibrated_relevance_plus_evidence_risk,0.6447031140751799,0.5296666666666667,0.3,0.662,0.509018967264292,0.6204810253518345,-0.0076718863114659,-0.0061295971978983,0.48133333333333334,0.948,small_cross_domain_caution
electronics_small,electronics_small,sasrec,D_SASRec_plus_calibrated_relevance_plus_evidence_risk,0.6020753464994777,0.4712,0.182,0.692,0.4760170665642944,0.5906767165120211,-0.0732846176069084,-0.1158368776582436,0.48133333333333334,0.948,small_cross_domain_caution
electronics_small,electronics_small,sasrec,D_SASRec_plus_calibrated_relevance_plus_evidence_risk,0.6025355560287393,0.4718333333333334,0.184,0.704,0.4819696285357227,0.5904245116670666,-0.0725762623281709,-0.1146484863647735,0.48133333333333334,0.948,small_cross_domain_caution
electronics_small,electronics_small,sasrec,D_SASRec_plus_calibrated_relevance_plus_evidence_risk,0.5995438139828282,0.4679666666666667,0.18,0.696,0.4757077690285798,0.5874327696211553,-0.0771811566993116,-0.1219039279459594,0.48133333333333334,0.948,small_cross_domain_caution
electronics_small,electronics_small,sasrec,D_SASRec_plus_calibrated_relevance_plus_evidence_risk,0.6055673326655573,0.4775,0.22,0.63,0.4556375623357211,0.5877569733101561,-0.0679097466476095,-0.1040155116337254,0.48133333333333334,0.948,small_cross_domain_caution
electronics_small,electronics_small,sasrec,D_SASRec_plus_calibrated_relevance_plus_evidence_risk,0.5873727175289657,0.4518666666666667,0.158,0.682,0.4574459095214369,0.575974087541509,-0.095914928759507,-0.1521140855641731,0.48133333333333334,0.948,small_cross_domain_caution
electronics_small,electronics_small,sasrec,D_SASRec_plus_calibrated_relevance_plus_evidence_risk,0.5804460124176941,0.4428999999999999,0.148,0.658,0.4404459095214368,0.5690473824302373,-0.1065765248757362,-0.1689392044033026,0.48133333333333334,0.948,small_cross_domain_caution
electronics_small,electronics_small,sasrec,D_SASRec_plus_calibrated_relevance_plus_evidence_risk,0.5775682205356183,0.4394333333333333,0.15,0.642,0.4310891739571507,0.5654571761739455,-0.1110060269637244,-0.1754440830622967,0.48133333333333334,0.948,small_cross_domain_caution
electronics_small,electronics_small,sasrec,D_SASRec_plus_calibrated_relevance_plus_evidence_risk,0.577513907176659,0.4400333333333333,0.16,0.614,0.4205180169142932,0.5597035478212579,-0.1110896261768622,-0.1743182386790094,0.48133333333333334,0.948,small_cross_domain_caution
electronics_small,electronics_small,gru4rec,A_GRU4Rec_only,0.5858506112518257,0.4507,0.172,0.592,0.4163035954357219,0.5701774950190728,0.0,0.0,0.6706666666666666,0.968,small_cross_domain_caution
electronics_small,electronics_small,gru4rec,B_GRU4Rec_plus_calibrated_relevance,0.6254535981920681,0.5053666666666667,0.286,0.572,0.4523054961357194,0.5983818519718586,0.0675991219939501,0.1212928037867023,0.6706666666666666,0.968,small_cross_domain_caution
electronics_small,electronics_small,gru4rec,B_GRU4Rec_plus_calibrated_relevance,0.5504399017273596,0.4054,0.128,0.536,0.3626375623357211,0.5226557411329339,-0.0604432407244599,-0.1005103172842245,0.6706666666666666,0.968,small_cross_domain_caution
electronics_small,electronics_small,gru4rec,B_GRU4Rec_plus_calibrated_relevance,0.5330553609445583,0.3825,0.102,0.526,0.3407096697285774,0.5059836147243486,-0.0901172573575647,-0.1513201686265808,0.6706666666666666,0.968,small_cross_domain_caution
electronics_small,electronics_small,gru4rec,C_GRU4Rec_plus_evidence_risk,0.50695055434091,0.3495333333333333,0.08,0.466,0.2931631820500044,0.4684801781332435,-0.1346760682596622,-0.2244656460320982,0.6706666666666666,0.968,small_cross_domain_caution
electronics_small,electronics_small,gru4rec,C_GRU4Rec_plus_evidence_risk,0.5079521353897921,0.3508,0.08,0.47,0.2959487605714332,0.4687693448079096,-0.1329664497500186,-0.2216552030175282,0.6706666666666666,0.968,small_cross_domain_caution
electronics_small,electronics_small,gru4rec,C_GRU4Rec_plus_evidence_risk,0.5107531481717843,0.3544666666666667,0.084,0.474,0.300472479585719,0.4715703575899019,-0.12818534561153,-0.2135197100806152,0.6706666666666666,0.968,small_cross_domain_caution
electronics_small,electronics_small,gru4rec,C_GRU4Rec_plus_evidence_risk,0.5265012979021839,0.3756333333333334,0.116,0.48,0.3199961986000049,0.4816191923265731,-0.1013045172434422,-0.1665557281266177,0.6706666666666666,0.968,small_cross_domain_caution
electronics_small,electronics_small,gru4rec,D_GRU4Rec_plus_calibrated_relevance_plus_evidence_risk,0.6117394438368451,0.4876333333333333,0.266,0.566,0.4379961986000049,0.5768311395002588,0.0441901605764326,0.0819466015827231,0.6706666666666666,0.968,small_cross_domain_caution
electronics_small,electronics_small,gru4rec,D_GRU4Rec_plus_calibrated_relevance_plus_evidence_risk,0.6216776474924945,0.5009333333333333,0.288,0.576,0.4524250415571474,0.5846321000332603,0.0611538770337968,0.1114562532357074,0.6706666666666666,0.968,small_cross_domain_caution
electronics_small,electronics_small,gru4rec,D_GRU4Rec_plus_calibrated_relevance_plus_evidence_risk,0.6264142069364694,0.5073333333333334,0.3,0.572,0.4553776035285757,0.5900810738514511,0.0692388040663964,0.1256563863619556,0.6706666666666666,0.968,small_cross_domain_caution
electronics_small,electronics_small,gru4rec,D_GRU4Rec_plus_calibrated_relevance_plus_evidence_risk,0.6162998025672514,0.4939666666666667,0.278,0.558,0.4399961986000049,0.5792542551080171,0.0519743271247304,0.0959988166555729,0.6706666666666666,0.968,small_cross_domain_caution
electronics_small,electronics_small,gru4rec,D_GRU4Rec_plus_calibrated_relevance_plus_evidence_risk,0.5481675998333958,0.4026333333333333,0.126,0.54,0.3633757028285782,0.5125468811225935,-0.0643218777870865,-0.1066489165002588,0.6706666666666666,0.968,small_cross_domain_caution
electronics_small,electronics_small,gru4rec,D_GRU4Rec_plus_calibrated_relevance_plus_evidence_risk,0.5484684537239629,0.4030333333333333,0.126,0.546,0.3666375623357211,0.5135601493873767,-0.0638083443285752,-0.1057614081798682,0.6706666666666666,0.968,small_cross_domain_caution
electronics_small,electronics_small,gru4rec,D_GRU4Rec_plus_calibrated_relevance_plus_evidence_risk,0.5457498924418953,0.3997333333333333,0.128,0.528,0.3562808267714348,0.5115540024795252,-0.0684487103704552,-0.11308335182309,0.6706666666666666,0.968,small_cross_domain_caution
electronics_small,electronics_small,gru4rec,D_GRU4Rec_plus_calibrated_relevance_plus_evidence_risk,0.5585046118789676,0.4176333333333333,0.17,0.506,0.3615673556428623,0.519321821297085,-0.0466774273981315,-0.0733673544856148,0.6706666666666666,0.968,small_cross_domain_caution
electronics_small,electronics_small,gru4rec,D_GRU4Rec_plus_calibrated_relevance_plus_evidence_risk,0.5258811857315968,0.3732666666666666,0.09,0.522,0.3334952482500061,0.4945349532660908,-0.1023629989769717,-0.1718068190222617,0.6706666666666666,0.968,small_cross_domain_caution
electronics_small,electronics_small,gru4rec,D_GRU4Rec_plus_calibrated_relevance_plus_evidence_risk,0.5253127365811209,0.3728333333333333,0.092,0.508,0.3280189672642919,0.4911168466187508,-0.1033332960792676,-0.1727682863693513,0.6706666666666666,0.968,small_cross_domain_caution
electronics_small,electronics_small,gru4rec,D_GRU4Rec_plus_calibrated_relevance_plus_evidence_risk,0.5252488527335147,0.3732,0.102,0.504,0.3270910746571482,0.4882033052742804,-0.1034423406827538,-0.17195473707566,0.6706666666666666,0.968,small_cross_domain_caution
electronics_small,electronics_small,gru4rec,D_GRU4Rec_plus_calibrated_relevance_plus_evidence_risk,0.5363094869906508,0.3885,0.132,0.496,0.3365199176142908,0.49142738141504,-0.0845627252232733,-0.1380075438207232,0.6706666666666666,0.968,small_cross_domain_caution
electronics_small,electronics_small,gru4rec,B_GRU4Rec_plus_calibrated_relevance,0.6390178939889364,0.5230666666666666,0.306,0.602,0.478614793671434,0.6119461477687268,0.0907522868731068,0.1605650469639817,0.6706666666666666,0.968,small_cross_domain_caution
electronics_small,electronics_small,gru4rec,B_GRU4Rec_plus_calibrated_relevance,0.5474857587070492,0.4014666666666667,0.122,0.532,0.357899421842864,0.5204140124868395,-0.0654857258965724,-0.109237482434731,0.6706666666666666,0.968,small_cross_domain_caution
electronics_small,electronics_small,gru4rec,B_GRU4Rec_plus_calibrated_relevance,0.5327058539357377,0.3820666666666666,0.102,0.526,0.3404478102214344,0.505634107715528,-0.0907138377862747,-0.1522816359736705,0.6706666666666666,0.968,small_cross_domain_caution
electronics_small,electronics_small,gru4rec,C_GRU4Rec_plus_evidence_risk,0.5072124138480528,0.3498666666666666,0.08,0.466,0.2934250415571474,0.4687420376403864,-0.1342290950857616,-0.2237260557651061,0.6706666666666666,0.968,small_cross_domain_caution
electronics_small,electronics_small,gru4rec,C_GRU4Rec_plus_evidence_risk,0.5076902758826491,0.3504666666666667,0.08,0.47,0.2956869010642903,0.4685074853007667,-0.1334134229239194,-0.2223947932845202,0.6706666666666666,0.968,small_cross_domain_caution
electronics_small,electronics_small,gru4rec,C_GRU4Rec_plus_evidence_risk,0.5103526417807882,0.3539666666666667,0.084,0.472,0.2992106200785762,0.4711698511989058,-0.1288689778947503,-0.2146290954811033,0.6706666666666666,0.968,small_cross_domain_caution
electronics_small,electronics_small,gru4rec,C_GRU4Rec_plus_evidence_risk,0.5237090495286539,0.3717666666666666,0.108,0.478,0.3157817771214337,0.4802517727014753,-0.1060706612397139,-0.1751349752237261,0.6706666666666666,0.968,small_cross_domain_caution
electronics_small,electronics_small,gru4rec,D_GRU4Rec_plus_calibrated_relevance_plus_evidence_risk,0.6341190584824935,0.517,0.304,0.602,0.4752580581071478,0.6013479972685555,0.0823903676186825,0.147104504104726,0.6706666666666666,0.968,small_cross_domain_caution
electronics_small,electronics_small,gru4rec,D_GRU4Rec_plus_calibrated_relevance_plus_evidence_risk,0.632047154620848,0.5144000000000001,0.302,0.596,0.4709961986000049,0.5957140215358298,0.0788537939225003,0.1413357000221879,0.6706666666666666,0.968,small_cross_domain_caution
electronics_small,electronics_small,gru4rec,D_GRU4Rec_plus_calibrated_relevance_plus_evidence_risk,0.6289706962840794,0.5104666666666666,0.3,0.592,0.4664250415571473,0.5940623919474932,0.0736025263165915,0.132608534871681,0.6706666666666666,0.968,small_cross_domain_caution
electronics_small,electronics_small,gru4rec,D_GRU4Rec_plus_calibrated_relevance_plus_evidence_risk,0.6135834454237441,0.4906333333333333,0.278,0.556,0.4371631820500045,0.5729758260934296,0.0473377233705702,0.0886029139856519,0.6706666666666666,0.968,small_cross_domain_caution
electronics_small,electronics_small,gru4rec,D_GRU4Rec_plus_calibrated_relevance_plus_evidence_risk,0.5441190788069339,0.3973333333333333,0.12,0.54,0.3595901243071494,0.5084983600961317,-0.0712323784312886,-0.118408401745433,0.6706666666666666,0.968,small_cross_domain_caution
electronics_small,electronics_small,gru4rec,D_GRU4Rec_plus_calibrated_relevance_plus_evidence_risk,0.546529744964216,0.4004333333333333,0.122,0.546,0.3646375623357211,0.5123338550018457,-0.0671175646699252,-0.1115302122624066,0.6706666666666666,0.968,small_cross_domain_caution
electronics_small,electronics_small,gru4rec,D_GRU4Rec_plus_calibrated_relevance_plus_evidence_risk,0.5435755483446385,0.3967666666666666,0.122,0.534,0.3568045457857207,0.5100920727564844,-0.0721601413316874,-0.1196657051993195,0.6706666666666666,0.968,small_cross_domain_caution
electronics_small,electronics_small,gru4rec,D_GRU4Rec_plus_calibrated_relevance_plus_evidence_risk,0.5610464292005892,0.4208666666666666,0.172,0.514,0.3673529341642911,0.5211512242444908,-0.042338749119397,-0.0661933288957917,0.6706666666666666,0.968,small_cross_domain_caution
electronics_small,electronics_small,gru4rec,D_GRU4Rec_plus_calibrated_relevance_plus_evidence_risk,0.5249976678504129,0.3721666666666666,0.09,0.524,0.3337096697285774,0.4929390210106908,-0.1038710931296705,-0.1742474669033356,0.6706666666666666,0.968,small_cross_domain_caution
electronics_small,electronics_small,gru4rec,D_GRU4Rec_plus_calibrated_relevance_plus_evidence_risk,0.5211732638298554,0.3675,0.088,0.508,0.3241859507142915,0.483415301996405,-0.1103990440221098,-0.1846017306412247,0.6706666666666666,0.968,small_cross_domain_caution
electronics_small,electronics_small,gru4rec,D_GRU4Rec_plus_calibrated_relevance_plus_evidence_risk,0.5237962639624529,0.3713333333333333,0.1,0.5,0.3240910746571482,0.4867507165032185,-0.1059217931970355,-0.1760964425708157,0.6706666666666666,0.968,small_cross_domain_caution
electronics_small,electronics_small,gru4rec,D_GRU4Rec_plus_calibrated_relevance_plus_evidence_risk,0.5350883956599785,0.3866333333333333,0.124,0.494,0.333876653178577,0.4916311188327997,-0.0866470301761404,-0.142149249315879,0.6706666666666666,0.968,small_cross_domain_caution
electronics_small,electronics_small,bert4rec,A_Bert4Rec_only,0.5936987150555411,0.4608666666666666,0.176,0.59,0.4235882236071519,0.576600770074356,0.0,0.0,0.6706666666666666,0.968,small_cross_domain_caution
electronics_small,electronics_small,bert4rec,B_Bert4Rec_plus_calibrated_relevance,0.6278460775159196,0.5082333333333333,0.282,0.586,0.4607096697285773,0.5979246737988457,0.057516315252904,0.1027773759583393,0.6706666666666666,0.968,small_cross_domain_caution
electronics_small,electronics_small,bert4rec,B_Bert4Rec_plus_calibrated_relevance,0.5579647751789548,0.4157,0.15,0.536,0.3704952482500062,0.527330957087665,-0.0601886764623421,-0.0980037610299435,0.6706666666666666,0.968,small_cross_domain_caution
electronics_small,electronics_small,bert4rec,B_Bert4Rec_plus_calibrated_relevance,0.5435359392749178,0.3963666666666667,0.118,0.522,0.3495901243071495,0.5150393643062761,-0.0844919729629707,-0.1399537104006942,0.6706666666666666,0.968,small_cross_domain_caution
electronics_small,electronics_small,bert4rec,C_Bert4Rec_plus_evidence_risk,0.5130187547235898,0.3573333333333334,0.086,0.478,0.3039961986000049,0.4731235497674912,-0.135893776230261,-0.2246492116302616,0.6706666666666666,0.968,small_cross_domain_caution
electronics_small,electronics_small,bert4rec,C_Bert4Rec_plus_evidence_risk,0.5148836691933404,0.3599,0.092,0.478,0.3059487605714332,0.4749884642372419,-0.1327525963313352,-0.2190799942137999,0.6706666666666666,0.968,small_cross_domain_caution
electronics_small,electronics_small,bert4rec,C_Bert4Rec_plus_evidence_risk,0.5159434245805967,0.3614,0.094,0.476,0.306734339092862,0.4753358052502821,-0.1309675909735972,-0.2158252567626211,0.6706666666666666,0.968,small_cross_domain_caution
electronics_small,electronics_small,bert4rec,C_Bert4Rec_plus_evidence_risk,0.523713799728406,0.3715666666666666,0.102,0.476,0.3146622317000057,0.4802565229012271,-0.1178795128781571,-0.1937653695935194,0.6706666666666666,0.968,small_cross_domain_caution
electronics_small,electronics_small,bert4rec,D_Bert4Rec_plus_calibrated_relevance_plus_evidence_risk,0.6162818913012504,0.4935666666666667,0.272,0.572,0.4450436366285765,0.579236343842016,0.0380381086787373,0.070953276435701,0.6706666666666666,0.968,small_cross_domain_caution
electronics_small,electronics_small,bert4rec,D_Bert4Rec_plus_calibrated_relevance_plus_evidence_risk,0.6220005310758425,0.5012000000000001,0.284,0.576,0.4525199176142908,0.5835301548681762,0.0476703339633366,0.0875162736872561,0.6706666666666666,0.968,small_cross_domain_caution
electronics_small,electronics_small,bert4rec,D_Bert4Rec_plus_calibrated_relevance_plus_evidence_risk,0.6273623102474624,0.5084333333333333,0.298,0.572,0.4559487605714332,0.5903167627882281,0.0567014789458859,0.1032113409518298,0.6706666666666666,0.968,small_cross_domain_caution
electronics_small,electronics_small,bert4rec,D_Bert4Rec_plus_calibrated_relevance_plus_evidence_risk,0.6213057101847772,0.5007333333333334,0.29,0.568,0.4499487605714332,0.5849725770997589,0.0465000082182315,0.0865036887024447,0.6706666666666666,0.968,small_cross_domain_caution
electronics_small,electronics_small,bert4rec,D_Bert4Rec_plus_calibrated_relevance_plus_evidence_risk,0.553987740321347,0.4104333333333333,0.14,0.544,0.3708045457857207,0.5176546072363287,-0.0668874190345503,-0.1094315058585272,0.6706666666666666,0.968,small_cross_domain_caution
electronics_small,electronics_small,bert4rec,D_Bert4Rec_plus_calibrated_relevance_plus_evidence_risk,0.5543827935801124,0.4110666666666667,0.142,0.53,0.3653282648000065,0.5223241467403905,-0.0662220087031021,-0.1080572833791405,0.6706666666666666,0.968,small_cross_domain_caution
electronics_small,electronics_small,bert4rec,D_Bert4Rec_plus_calibrated_relevance_plus_evidence_risk,0.5527115311817193,0.4090333333333333,0.142,0.532,0.3652808267714348,0.5199404699677814,-0.0690370095714075,-0.1124692608129609,0.6706666666666666,0.968,small_cross_domain_caution
electronics_small,electronics_small,bert4rec,D_Bert4Rec_plus_calibrated_relevance_plus_evidence_risk,0.5618308711248607,0.4221666666666666,0.178,0.506,0.3653054961357195,0.5219356661687623,-0.05367679451302,-0.0839722262404166,0.6706666666666666,0.968,small_cross_domain_caution
electronics_small,electronics_small,bert4rec,D_Bert4Rec_plus_calibrated_relevance_plus_evidence_risk,0.5353302131490548,0.3857333333333334,0.106,0.524,0.3435426862785777,0.5039839806835488,-0.0983133370956105,-0.1630261825546071,0.6706666666666666,0.968,small_cross_domain_caution
electronics_small,electronics_small,bert4rec,D_Bert4Rec_plus_calibrated_relevance_plus_evidence_risk,0.5363525467983875,0.3873999999999999,0.11,0.514,0.3415901243071494,0.5007318280875852,-0.0965913632671224,-0.1594098076088529,0.6706666666666666,0.968,small_cross_domain_caution
electronics_small,electronics_small,bert4rec,D_Bert4Rec_plus_calibrated_relevance_plus_evidence_risk,0.5314097166313961,0.3813333333333333,0.11,0.494,0.3289715292357202,0.4950765835463777,-0.1049168489750188,-0.1725734124113987,0.6706666666666666,0.968,small_cross_domain_caution
electronics_small,electronics_small,bert4rec,D_Bert4Rec_plus_calibrated_relevance_plus_evidence_risk,0.5377003923187256,0.3901,0.128,0.492,0.3356622317000057,0.4928182867431147,-0.0943211115617401,-0.1535512801967307,0.6706666666666666,0.968,small_cross_domain_caution
electronics_small,electronics_small,bert4rec,B_Bert4Rec_plus_calibrated_relevance,0.6380098669217916,0.5214333333333334,0.296,0.614,0.482757107757149,0.6080884632047178,0.0746357550430359,0.1314190655287142,0.6706666666666666,0.968,small_cross_domain_caution
electronics_small,electronics_small,bert4rec,B_Bert4Rec_plus_calibrated_relevance,0.5562260045433141,0.4133333333333333,0.146,0.538,0.3694952482500061,0.5270170152004562,-0.0631173852359127,-0.1031390134529147,0.6706666666666666,0.968,small_cross_domain_caution
electronics_small,electronics_small,bert4rec,B_Bert4Rec_plus_calibrated_relevance,0.5443013869352981,0.3972999999999999,0.118,0.528,0.3528519838142923,0.5158048119666563,-0.0832026865943643,-0.137928540431072,0.6706666666666666,0.968,small_cross_domain_caution
electronics_small,electronics_small,bert4rec,C_Bert4Rec_plus_evidence_risk,0.5130187547235898,0.3573333333333334,0.086,0.478,0.3039961986000049,0.4731235497674912,-0.135893776230261,-0.2246492116302616,0.6706666666666666,0.968,small_cross_domain_caution
electronics_small,electronics_small,bert4rec,C_Bert4Rec_plus_evidence_risk,0.5157213300948349,0.3609333333333333,0.092,0.48,0.307472479585719,0.4758261251387363,-0.1313416771559145,-0.2168378417474323,0.6706666666666666,0.968,small_cross_domain_caution
electronics_small,electronics_small,bert4rec,C_Bert4Rec_plus_evidence_risk,0.5155532100476781,0.3609,0.094,0.472,0.304472479585719,0.4756580050915795,-0.131624851168075,-0.2169101692463474,0.6706666666666666,0.968,small_cross_domain_caution
electronics_small,electronics_small,bert4rec,C_Bert4Rec_plus_evidence_risk,0.5228348011600299,0.3704333333333334,0.102,0.472,0.3118766531785769,0.4815147674554993,-0.1193600594013106,-0.1962245045566322,0.6706666666666666,0.968,small_cross_domain_caution
electronics_small,electronics_small,bert4rec,D_Bert4Rec_plus_calibrated_relevance_plus_evidence_risk,0.6311662293470172,0.5128666666666667,0.292,0.602,0.4721385126857199,0.5962579250104308,0.0631086329502515,0.1128308983075366,0.6706666666666666,0.968,small_cross_domain_caution
electronics_small,electronics_small,bert4rec,D_Bert4Rec_plus_calibrated_relevance_plus_evidence_risk,0.6303901690652446,0.5120666666666666,0.294,0.59,0.4666147936714341,0.5926322072317941,0.0618014711490002,0.1110950383335742,0.6706666666666666,0.968,small_cross_domain_caution
electronics_small,electronics_small,bert4rec,D_Bert4Rec_plus_calibrated_relevance_plus_evidence_risk,0.6317581200379736,0.5142,0.306,0.584,0.4654250415571473,0.5947125725787393,0.0641055875939904,0.11572399826414,0.6706666666666666,0.968,small_cross_domain_caution
electronics_small,electronics_small,bert4rec,D_Bert4Rec_plus_calibrated_relevance_plus_evidence_risk,0.6223936600128182,0.5023333333333334,0.294,0.572,0.4534250415571474,0.5803612119340715,0.0483325030518091,0.089975408650369,0.6706666666666666,0.968,small_cross_domain_caution
electronics_small,electronics_small,bert4rec,D_Bert4Rec_plus_calibrated_relevance_plus_evidence_risk,0.5516355692657542,0.4074333333333332,0.138,0.54,0.3670189672642919,0.5160148505549519,-0.0708493124932093,-0.1159409807608854,0.6706666666666666,0.968,small_cross_domain_caution
electronics_small,electronics_small,bert4rec,D_Bert4Rec_plus_calibrated_relevance_plus_evidence_risk,0.5529256403003573,0.4092,0.142,0.53,0.363757107757149,0.5201545790864193,-0.068676373590213,-0.1121076233183856,0.6706666666666666,0.968,small_cross_domain_caution
electronics_small,electronics_small,bert4rec,D_Bert4Rec_plus_calibrated_relevance_plus_evidence_risk,0.5488450356630865,0.4038666666666666,0.134,0.528,0.3595426862785777,0.5167863888233646,-0.0755495645434544,-0.1236800231447996,0.6706666666666666,0.968,small_cross_domain_caution
electronics_small,electronics_small,bert4rec,D_Bert4Rec_plus_calibrated_relevance_plus_evidence_risk,0.5655350811442551,0.4267666666666666,0.178,0.52,0.3746622317000057,0.5249274618139405,-0.0474375860972702,-0.0739910313901345,0.6706666666666666,0.968,small_cross_domain_caution
electronics_small,electronics_small,bert4rec,D_Bert4Rec_plus_calibrated_relevance_plus_evidence_risk,0.5342467571437645,0.3843999999999999,0.106,0.524,0.342757107757149,0.5014756959298264,-0.1001382627318215,-0.1659192825112108,0.6706666666666666,0.968,small_cross_domain_caution
electronics_small,electronics_small,bert4rec,D_Bert4Rec_plus_calibrated_relevance_plus_evidence_risk,0.5311728645740159,0.3806333333333333,0.102,0.514,0.3368045457857206,0.4919900739921333,-0.1053157921618135,-0.1740922898886156,0.6706666666666666,0.968,small_cross_domain_caution
electronics_small,electronics_small,bert4rec,D_Bert4Rec_plus_calibrated_relevance_plus_evidence_risk,0.5300449074538037,0.3796333333333333,0.11,0.484,0.3231859507142915,0.4929993599945693,-0.1072156735184822,-0.1762621148560682,0.6706666666666666,0.968,small_cross_domain_caution
electronics_small,electronics_small,bert4rec,D_Bert4Rec_plus_calibrated_relevance_plus_evidence_risk,0.5361018566689257,0.3878333333333333,0.122,0.486,0.3309715292357203,0.4940694085901791,-0.0970136146938217,-0.1584695501229566,0.6706666666666666,0.968,small_cross_domain_caution
